-- phpMyAdmin SQL Dump
-- version 4.1.14
-- http://www.phpmyadmin.net
--
-- Host: 127.0.0.1
-- Generation Time: 2015-12-03 14:51:08
-- 服务器版本： 5.6.17
-- PHP Version: 5.5.12

SET SQL_MODE = "NO_AUTO_VALUE_ON_ZERO";
SET time_zone = "+00:00";


/*!40101 SET @OLD_CHARACTER_SET_CLIENT=@@CHARACTER_SET_CLIENT */;
/*!40101 SET @OLD_CHARACTER_SET_RESULTS=@@CHARACTER_SET_RESULTS */;
/*!40101 SET @OLD_COLLATION_CONNECTION=@@COLLATION_CONNECTION */;
/*!40101 SET NAMES utf8 */;

--
-- Database: `s607`
--

-- --------------------------------------------------------

--
-- 表的结构 `admin`
--

CREATE TABLE IF NOT EXISTS `admin` (
  `id` varchar(11) COLLATE utf8_unicode_ci NOT NULL,
  `username` varchar(255) COLLATE utf8_unicode_ci DEFAULT NULL,
  `role` varchar(255) COLLATE utf8_unicode_ci DEFAULT NULL,
  `password` varchar(255) COLLATE utf8_unicode_ci DEFAULT NULL,
  PRIMARY KEY (`id`)
) ENGINE=InnoDB DEFAULT CHARSET=utf8 COLLATE=utf8_unicode_ci;

--
-- 转存表中的数据 `admin`
--

INSERT INTO `admin` (`id`, `username`, `role`, `password`) VALUES
('001', '刘柯弟', '超级管理员', 'd1ac549dbfdec4a0d49baec903648bb4'),
('002', '张浩', '超级管理员', 'd1ac549dbfdec4a0d49baec903648bb4');

-- --------------------------------------------------------

--
-- 表的结构 `assess`
--

CREATE TABLE IF NOT EXISTS `assess` (
  `assess_no` int(10) NOT NULL AUTO_INCREMENT COMMENT '考核体系编号',
  `assess_Course_no` varchar(10) NOT NULL COMMENT '课程编号',
  `assess_teacher_no` varchar(10) NOT NULL COMMENT '老师职工号',
  `assess_explain` varchar(50) CHARACTER SET utf8 COLLATE utf8_bin NOT NULL COMMENT '考核说明',
  PRIMARY KEY (`assess_no`)
) ENGINE=InnoDB  DEFAULT CHARSET=latin1 AUTO_INCREMENT=81 ;

--
-- 转存表中的数据 `assess`
--

INSERT INTO `assess` (`assess_no`, `assess_Course_no`, `assess_teacher_no`, `assess_explain`) VALUES
(7, '010388', '019942', '通信软件基础'),
(74, '010393', '019942', '通信软件基础实训(1)'),
(75, '010394', '019942', '通信软件基础实训(2)'),
(76, '010395', '019942', 'IT类软件工程基础实训(1)'),
(77, '010395', '019942', 'IT类软件工程基础实训(1)'),
(78, '010398', '019942', 'IT类软件工程基础实训(3)'),
(79, '010610', '019942', '通信软件开发应用实训1'),
(80, '010243', '019942', '可编程逻辑器件设计');

-- --------------------------------------------------------

--
-- 表的结构 `cexplain`
--

CREATE TABLE IF NOT EXISTS `cexplain` (
  `Cexplain_no` int(11) NOT NULL AUTO_INCREMENT COMMENT '编号',
  `Cexplain_dd_no` varchar(10) NOT NULL COMMENT '项目说明编号',
  `Cexplain_assess_no` varchar(10) NOT NULL COMMENT '考核项编号',
  `Cexplain_proportion` int(11) NOT NULL COMMENT '比例',
  `Cexplain_time` int(11) DEFAULT NULL COMMENT '次数',
  `Cexplain_explain` varchar(255) CHARACTER SET utf8 COLLATE utf8_bin DEFAULT NULL COMMENT '考核项说明',
  PRIMARY KEY (`Cexplain_no`)
) ENGINE=InnoDB  DEFAULT CHARSET=latin1 AUTO_INCREMENT=142 ;

--
-- 转存表中的数据 `cexplain`
--

INSERT INTO `cexplain` (`Cexplain_no`, `Cexplain_dd_no`, `Cexplain_assess_no`, `Cexplain_proportion`, `Cexplain_time`, `Cexplain_explain`) VALUES
(68, '23', '6', 20, 9, '超过四次不到取消考资格2'),
(70, '6', '1', 30, 5, '作业交给助教XXX，电话XXXX'),
(71, '4', '6', 50, 1, '第十周周四七八节2101'),
(73, '23', '73', 23, 32, '水电费'),
(74, '23', '', 23, 32, '水电费'),
(122, '4', '7', 25, 2, '两次期中考试'),
(124, '6', '7', 50, 2, '两次作业'),
(130, '3', '7', 25, 1, '期末考试111'),
(140, '3', '74', 25, 1, '期末考试2'),
(141, '3', '75', 25, 1, '期末考试3');

-- --------------------------------------------------------

--
-- 表的结构 `cgroup`
--

CREATE TABLE IF NOT EXISTS `cgroup` (
  `Cgroup_no` int(11) NOT NULL AUTO_INCREMENT COMMENT '课程组号',
  `Cgroup_name` varchar(10) CHARACTER SET gb2312 COLLATE gb2312_bin NOT NULL COMMENT '课程组名',
  `cgroup_teacher_no` varchar(10) NOT NULL COMMENT '老师职工号',
  `Cgroup_explain` varchar(30) CHARACTER SET utf8 COLLATE utf8_bin NOT NULL COMMENT '描述',
  PRIMARY KEY (`Cgroup_no`)
) ENGINE=InnoDB  DEFAULT CHARSET=latin1 AUTO_INCREMENT=2 ;

--
-- 转存表中的数据 `cgroup`
--

INSERT INTO `cgroup` (`Cgroup_no`, `Cgroup_name`, `cgroup_teacher_no`, `Cgroup_explain`) VALUES
(1, '通信软件课程组', '019942', '通信软件开发，通信软件基础及相关实训');

-- --------------------------------------------------------

--
-- 表的结构 `course`
--

CREATE TABLE IF NOT EXISTS `course` (
  `Cname` varchar(50) CHARACTER SET utf8 COLLATE utf8_bin NOT NULL DEFAULT '课程名' COMMENT '课程名',
  `Cno` varchar(10) NOT NULL COMMENT '课程编号',
  `Course_Cgroup_no` varchar(10) NOT NULL COMMENT '课程组号',
  `Course_explain` varchar(30) CHARACTER SET gb2312 COLLATE gb2312_bin NOT NULL COMMENT '课程描述',
  PRIMARY KEY (`Cno`)
) ENGINE=InnoDB DEFAULT CHARSET=latin1;

--
-- 转存表中的数据 `course`
--

INSERT INTO `course` (`Cname`, `Cno`, `Course_Cgroup_no`, `Course_explain`) VALUES
('英文学术会议交流与报告', '0', '', '实验'),
('毕业实习', '010004', '', '实验'),
('毕业设计', '010005', '', '实验'),
('毕业设计', '010008', '', '实验'),
('科技写作', '010036', '', '限选,.5,8,0'),
('创造心理学', '010040', '', '限选,2.0,32,0'),
('外国文化2', '010042', '', '实验'),
('电信业务与支撑系统实训', '010074', '', '实验'),
('传输工程综合实训', '010075', '', '实验'),
('宽带接入网综合实训', '010076', '', '实验'),
('基础科研训练(2)', '010081', '', '实验'),
('工程规划与设计实习', '010089', '', '实验'),
('信号与系统', '010111', '', '限选,4.0,64,0'),
('信号与系统', '010114', '', '限选,3.0,48,0'),
('电子系统综合设计与仿真', '010161', '', '限选,3.5,32,24'),
('通信原理', '010201', '', '限选,4.0,56,8'),
('数字信号处理', '010212', '', '限选,3.0,48,0'),
('信号处理基础', '010220', '', '限选,2.0,32,0'),
('现代通信技术', '010223', '', '限选,3.0,48,0'),
('DSP原理与应用', '010241', '', '限选,2.5,24,16'),
('信息论基础', '010251', '', '限选,2.0,32,0'),
('高级多媒体技术', '010285', '', '限选,2.0,32,0'),
('电子系统综合设计实训', '010292', '', '实验'),
('电子系统综合设计实训', '010299', '', '实验'),
('通信业务开发与设计', '010342', '', '限选,2.0,32,0'),
('专业概论2', '010364', '', '限选,.5,8,0'),
('无线网络规划与优化', '010373', '', '限选,2.0,32,0'),
('IT行业市场竞争分析', '010381', '', '限选,2.0,32,0'),
('信息论与编码', '010384', '', '必修,3.0,48,0'),
('通信软件基础', '010388', '1', '限选,3.0,48,0'),
('通信软件基础实训(1)', '010393', '1', '实验'),
('通信软件基础实训(2）', '010394', '1', '实验'),
('IT类软件工程基础实训(2)', '010397', '1', '实验'),
('可编程逻辑器件原理与', '010426', '', '限选,3.0,32,16'),
('现代通信系统', '010435', '', '限选,2.0,32,0'),
('下一代广播电视网络技', '010441', '', '限选,2.0,32,0'),
('综合项目设计', '010444', '', '实验'),
('企业工程实习', '010445', '', '实验'),
('IT项目组织与管理', '010446', '', '实验'),
('行业工程标准与规范', '010447', '', '实验'),
('微波与卫星通信技术', '010452', '', '限选,2.5,40,0'),
('通信前沿技术', '010454', '', '限选,.5,8,0'),
('网络交换与路由', '010455', '', '必修,5.0,80,0'),
('网络与新媒体', '010456', '', '限选,2.0,32,0'),
('移动通信技术', '010457', '', '限选,4.0,64,0'),
('网络业务及应用', '010458', '', '必修,2.0,32,0'),
('通信与网络软件设计', '010459', '1', '必修,3.0,16,32'),
('IPTV网络工程综合', '010464', '', '实验'),
('PTN平台综合实训', '010466', '', '实验'),
('VOIP综合实训', '010467', '', '实验'),
('交换技术综合实验', '010468', '', '实验'),
('数字电视网络工程实验', '010469', '', '实验'),
('综合布线及概预算综合', '010473', '', '实验'),
('无线网络规划与优化综', '010475', '', '实验'),
('广播电视工程综合实训', '010478', '', '实验'),
('动力环境监控综合实验', '010481', '', '实验'),
('移动通信', '010486', '', '限选,3.5,56,0'),
('无线网络规划与优化综合', '010491', '', '实验'),
('微处理器系统结构与嵌', '010507', '', '限选,6.0,64,32'),
('电子系统设计实训1', '010510', '', '实验'),
('通信技术导论', '010511', '', '必修,4.0,64,0'),
('IT工程项目管理与实训', '010605', '', '限选,3.5,48,8'),
('多媒体信息处理技术', '010609', '', '限选,3.0,48,0'),
('通信软件开发应用实训', '010610', '1', '实验'),
('通信系统综合设计实训', '010615', '', '实验'),
('通信软件开发应用', '010616', '1', '必修,4.0,64,0'),
('数字图像处理技术', '010618', '', '限选,3.0,48,0'),
('通信系统综合设计', '010630', '', '实验'),
('专业竞赛', '010632', '', '实验'),
('电子系统设计实训3', '011135', '', '实验'),
('语音信号处理', '011224', '', '限选,2.0,32,0'),
('信息系统分析与设计', '011312', '', '必修,3.0,48,0'),
('通信网概论', '011320', '', '限选,2.0,32,0'),
('课程设计(通信信息网', '011390', '', '实验'),
('广播电视网络工程设计', '011482', '', '必修,3.0,16,32'),
('现代交换与网络A', '011485', '', '限选,4.5,72,0'),
('现代交换技术', 'D01048', '', '实验'),
('专业实训4（现代交换', 'D01050', '', '实验'),
('专业实训5（TD-S', 'D01051', '', '实验');

-- --------------------------------------------------------

--
-- 表的结构 `dd`
--

CREATE TABLE IF NOT EXISTS `dd` (
  `DD_no` int(11) NOT NULL AUTO_INCREMENT COMMENT '数据字典编号',
  `DD_Data_type` int(11) NOT NULL COMMENT '数据字典类别',
  `DD_user_id` char(10) NOT NULL COMMENT '数据字典归属用户',
  `DD_usewhether` bit(1) NOT NULL COMMENT '数据字典是否可用',
  `DD_Cexplain_name` char(100) CHARACTER SET utf8 COLLATE utf8_bin NOT NULL COMMENT '数据字典详细描述',
  `DD_remark1` varchar(255) DEFAULT NULL,
  `DD_remark2` varchar(255) DEFAULT NULL,
  PRIMARY KEY (`DD_no`)
) ENGINE=InnoDB  DEFAULT CHARSET=latin1 AUTO_INCREMENT=24 ;

--
-- 转存表中的数据 `dd`
--

INSERT INTO `dd` (`DD_no`, `DD_Data_type`, `DD_user_id`, `DD_usewhether`, `DD_Cexplain_name`, `DD_remark1`, `DD_remark2`) VALUES
(1, 1, '0', b'1', '系统', NULL, NULL),
(2, 1, '0', b'1', '考核组成', NULL, NULL),
(3, 2, '0', b'1', '期末考试', NULL, NULL),
(4, 2, '0', b'1', '期中考试', NULL, NULL),
(5, 2, '0', b'1', '随堂测试', NULL, NULL),
(6, 2, '0', b'1', '作业', NULL, NULL),
(7, 0, '0', b'1', '学院', NULL, NULL),
(8, 7, '0', b'1', '通信与信息工程学院', NULL, NULL),
(9, 7, '0', b'1', '光电工程学院', NULL, NULL),
(10, 8, '0', b'1', '广电工程系', NULL, NULL),
(11, 8, '0', b'1', '电子信息工程系', NULL, NULL),
(12, 8, '0', b'1', '通信工程系', NULL, NULL),
(13, 8, '0', b'1', '辅导员', '1', NULL),
(14, 8, '0', b'1', '通信技术与网络实验中心', NULL, NULL),
(15, 8, '0', b'1', '通信学院办公室', '1', NULL),
(16, 8, '0', b'1', '通信学院', '1', NULL),
(18, 8, '0', b'1', '校外聘用', '1', NULL),
(19, 1, '0', b'1', '考核组成性质', NULL, NULL),
(20, 19, '0', b'1', '评审', NULL, NULL),
(21, 19, '0', b'1', '评定', NULL, NULL),
(22, 2, '0', b'1', '答辩', NULL, NULL),
(23, 2, '9', b'1', '考勤', NULL, NULL);

-- --------------------------------------------------------

--
-- 表的结构 `finalgrades`
--

CREATE TABLE IF NOT EXISTS `finalgrades` (
  `Tclass_no` char(100) CHARACTER SET utf8 NOT NULL,
  `student_ID` char(50) CHARACTER SET utf8 NOT NULL,
  `finalGrades` float(20,2) DEFAULT NULL,
  PRIMARY KEY (`Tclass_no`,`student_ID`)
) ENGINE=InnoDB DEFAULT CHARSET=utf16 COLLATE=utf16_bin;

--
-- 转存表中的数据 `finalgrades`
--

INSERT INTO `finalgrades` (`Tclass_no`, `student_ID`, `finalGrades`) VALUES
('A011518756', '2014210014', 0.00),
('A011518756', '2014210020', 0.00),
('A011518756', '2014210030', 0.00),
('A011518756', '2014210036', 0.00),
('A011518756', '2014210073', 0.00),
('A011518756', '2014210101', 0.00),
('A011518756', '2014210104', 0.00),
('A011518756', '2014210112', 0.00),
('A011518756', '2014210113', 0.00),
('A011518756', '2014210118', 0.00),
('A011518756', '2014210119', 0.00),
('A011518756', '2014210124', 0.00),
('A011518756', '2014210131', 0.00),
('A011518756', '2014210135', 0.00),
('A011518756', '2014210144', 0.00),
('A011518756', '2014210158', 0.00),
('A011518756', '2014210161', 0.00),
('A011518756', '2014210201', 0.00),
('A011518756', '2014210208', 0.00),
('A011518756', '2014210210', 0.00),
('A011518756', '2014210216', 0.00),
('A011518756', '2014210219', 0.00),
('A011518756', '2014210222', 0.00),
('A011518756', '2014210227', 0.00),
('A011518756', '2014210265', 0.00),
('A011518756', '2014210294', 0.00),
('A011518756', '2014210323', 0.00),
('A011518756', '2014210333', 0.00),
('A011518756', '2014210337', 0.00),
('A011518756', '2014210339', 0.00),
('A011518756', '2014210368', 0.00),
('A011518756', '2014210376', 0.00),
('A011518756', '2014210392', 0.00),
('A011518756', '2014210394', 0.00),
('A011518756', '2014210401', 0.00),
('A011518756', '2014210407', 0.00),
('A011518756', '2014210412', 0.00),
('A011518756', '2014210415', 0.00),
('A011518756', '2014210419', 0.00),
('A011518756', '2014210434', 0.00),
('A011518756', '2014210438', 0.00),
('A011518756', '2014210439', 0.00),
('A011518756', '2014210440', 0.00),
('A011518756', '2014210442', 0.00),
('A011518756', '2014210449', 0.00),
('A011518756', '2014210451', 0.00),
('A011518756', '2014210454', 0.00),
('A011518756', '2014210473', 0.00),
('A011518756', '2014210475', 0.00),
('A011518756', '2014210507', 0.00),
('A011518756', '2014210514', 0.00),
('SJ1511024', '', 0.00);

-- --------------------------------------------------------

--
-- 表的结构 `jgroup`
--

CREATE TABLE IF NOT EXISTS `jgroup` (
  `jgroup_name` varchar(8) CHARACTER SET gb2312 COLLATE gb2312_bin NOT NULL COMMENT '评审组名',
  `jgroup_no` varchar(10) NOT NULL COMMENT '评审组编号',
  `jgroup_Tproportion` varchar(3) NOT NULL COMMENT '老师成绩所占比例',
  PRIMARY KEY (`jgroup_no`)
) ENGINE=InnoDB DEFAULT CHARSET=latin1;

--
-- 转存表中的数据 `jgroup`
--

INSERT INTO `jgroup` (`jgroup_name`, `jgroup_no`, `jgroup_Tproportion`) VALUES
('任课教师', '1', '100'),
('评审组3', '331', '70'),
('评审组2', '332', '60'),
('评审组1', '333', '50');

-- --------------------------------------------------------

--
-- 表的结构 `judge`
--

CREATE TABLE IF NOT EXISTS `judge` (
  `judge_ID` varchar(20) CHARACTER SET utf8 NOT NULL COMMENT '学生/老师编号',
  `judge_role` varchar(3) CHARACTER SET utf8 NOT NULL COMMENT '角色',
  `judge_grades` double(3,0) DEFAULT NULL COMMENT '成绩',
  `judge_jgroup_no` varchar(20) CHARACTER SET utf8 NOT NULL COMMENT '评审组编号',
  `judge_no` int(20) NOT NULL AUTO_INCREMENT COMMENT '评审员编号',
  `judge_submit` tinyint(1) NOT NULL COMMENT '是否提交',
  `topic_topic_no` int(30) NOT NULL,
  PRIMARY KEY (`judge_no`,`topic_topic_no`,`judge_ID`)
) ENGINE=InnoDB  DEFAULT CHARSET=latin1 AUTO_INCREMENT=3345 ;

--
-- 转存表中的数据 `judge`
--

INSERT INTO `judge` (`judge_ID`, `judge_role`, `judge_grades`, `judge_jgroup_no`, `judge_no`, `judge_submit`, `topic_topic_no`) VALUES
('2014210014', '学生', 100, '1', 3192, 1, 1125),
('2014210020', '学生', 90, '1', 3193, 1, 1125),
('2014210030', '学生', 80, '1', 3194, 1, 1125),
('2014210036', '学生', 0, '1', 3195, 1, 1125),
('2014210073', '学生', 0, '1', 3196, 1, 1125),
('2014210101', '学生', 0, '1', 3197, 1, 1125),
('2014210104', '学生', 0, '1', 3198, 1, 1125),
('2014210112', '学生', 0, '1', 3199, 1, 1125),
('2014210113', '学生', 0, '1', 3200, 1, 1125),
('2014210118', '学生', 0, '1', 3201, 1, 1125),
('2014210119', '学生', 0, '1', 3202, 1, 1125),
('2014210124', '学生', 0, '1', 3203, 1, 1125),
('2014210131', '学生', 0, '1', 3204, 1, 1125),
('2014210135', '学生', 0, '1', 3205, 1, 1125),
('2014210144', '学生', 0, '1', 3206, 1, 1125),
('2014210158', '学生', 0, '1', 3207, 1, 1125),
('2014210161', '学生', 0, '1', 3208, 1, 1125),
('2014210201', '学生', 0, '1', 3209, 1, 1125),
('2014210208', '学生', 0, '1', 3210, 1, 1125),
('2014210210', '学生', 0, '1', 3211, 1, 1125),
('2014210216', '学生', 0, '1', 3212, 1, 1125),
('2014210219', '学生', 0, '1', 3213, 1, 1125),
('2014210222', '学生', 0, '1', 3214, 1, 1125),
('2014210227', '学生', 0, '1', 3215, 1, 1125),
('2014210265', '学生', 0, '1', 3216, 1, 1125),
('2014210294', '学生', 0, '1', 3217, 1, 1125),
('2014210323', '学生', 0, '1', 3218, 1, 1125),
('2014210333', '学生', 0, '1', 3219, 1, 1125),
('2014210337', '学生', 0, '1', 3220, 1, 1125),
('2014210339', '学生', 0, '1', 3221, 1, 1125),
('2014210368', '学生', 0, '1', 3222, 1, 1125),
('2014210376', '学生', 0, '1', 3223, 1, 1125),
('2014210392', '学生', 0, '1', 3224, 1, 1125),
('2014210394', '学生', 0, '1', 3225, 1, 1125),
('2014210401', '学生', 0, '1', 3226, 1, 1125),
('2014210407', '学生', 0, '1', 3227, 1, 1125),
('2014210412', '学生', 0, '1', 3228, 1, 1125),
('2014210415', '学生', 0, '1', 3229, 1, 1125),
('2014210419', '学生', 0, '1', 3230, 1, 1125),
('2014210434', '学生', 0, '1', 3231, 1, 1125),
('2014210438', '学生', 0, '1', 3232, 1, 1125),
('2014210439', '学生', 0, '1', 3233, 1, 1125),
('2014210440', '学生', 0, '1', 3234, 1, 1125),
('2014210442', '学生', 0, '1', 3235, 1, 1125),
('2014210449', '学生', 0, '1', 3236, 1, 1125),
('2014210451', '学生', 0, '1', 3237, 1, 1125),
('2014210454', '学生', 0, '1', 3238, 1, 1125),
('2014210473', '学生', 0, '1', 3239, 1, 1125),
('2014210475', '学生', 0, '1', 3240, 1, 1125),
('2014210507', '学生', 0, '1', 3241, 1, 1125),
('2014210014', '学生', 80, '1', 3243, 1, 1126),
('2014210020', '学生', 90, '1', 3244, 1, 1126),
('2014210030', '学生', 100, '1', 3245, 1, 1126),
('2014210036', '学生', 0, '1', 3246, 1, 1126),
('2014210073', '学生', 0, '1', 3247, 1, 1126),
('2014210101', '学生', 0, '1', 3248, 1, 1126),
('2014210104', '学生', 0, '1', 3249, 1, 1126),
('2014210112', '学生', 0, '1', 3250, 1, 1126),
('2014210113', '学生', 0, '1', 3251, 1, 1126),
('2014210118', '学生', 0, '1', 3252, 1, 1126),
('2014210119', '学生', 0, '1', 3253, 1, 1126),
('2014210124', '学生', 0, '1', 3254, 1, 1126),
('2014210131', '学生', 0, '1', 3255, 1, 1126),
('2014210135', '学生', 0, '1', 3256, 1, 1126),
('2014210144', '学生', 0, '1', 3257, 1, 1126),
('2014210158', '学生', 0, '1', 3258, 1, 1126),
('2014210161', '学生', 0, '1', 3259, 1, 1126),
('2014210201', '学生', 0, '1', 3260, 1, 1126),
('2014210208', '学生', 0, '1', 3261, 1, 1126),
('2014210210', '学生', 0, '1', 3262, 1, 1126),
('2014210216', '学生', 0, '1', 3263, 1, 1126),
('2014210219', '学生', 0, '1', 3264, 1, 1126),
('2014210222', '学生', 0, '1', 3265, 1, 1126),
('2014210227', '学生', 0, '1', 3266, 1, 1126),
('2014210265', '学生', 0, '1', 3267, 1, 1126),
('2014210294', '学生', 0, '1', 3268, 1, 1126),
('2014210323', '学生', 0, '1', 3269, 1, 1126),
('2014210333', '学生', 0, '1', 3270, 1, 1126),
('2014210337', '学生', 0, '1', 3271, 1, 1126),
('2014210339', '学生', 0, '1', 3272, 1, 1126),
('2014210368', '学生', 0, '1', 3273, 1, 1126),
('2014210376', '学生', 0, '1', 3274, 1, 1126),
('2014210392', '学生', 0, '1', 3275, 1, 1126),
('2014210394', '学生', 0, '1', 3276, 1, 1126),
('2014210401', '学生', 0, '1', 3277, 1, 1126),
('2014210407', '学生', 0, '1', 3278, 1, 1126),
('2014210412', '学生', 0, '1', 3279, 1, 1126),
('2014210415', '学生', 0, '1', 3280, 1, 1126),
('2014210419', '学生', 0, '1', 3281, 1, 1126),
('2014210434', '学生', 0, '1', 3282, 1, 1126),
('2014210438', '学生', 0, '1', 3283, 1, 1126),
('2014210439', '学生', 0, '1', 3284, 1, 1126),
('2014210440', '学生', 0, '1', 3285, 1, 1126),
('2014210442', '学生', 0, '1', 3286, 1, 1126),
('2014210449', '学生', 0, '1', 3287, 1, 1126),
('2014210451', '学生', 0, '1', 3288, 1, 1126),
('2014210454', '学生', 0, '1', 3289, 1, 1126),
('2014210473', '学生', 0, '1', 3290, 1, 1126),
('2014210475', '学生', 0, '1', 3291, 1, 1126),
('2014210507', '学生', 0, '1', 3292, 1, 1126),
('2014210014', '学生', 100, '1', 3294, 1, 1129),
('2014210020', '学生', 85, '1', 3295, 1, 1129),
('2014210030', '学生', 90, '1', 3296, 1, 1129),
('2014210036', '学生', 0, '1', 3297, 1, 1129),
('2014210073', '学生', 0, '1', 3298, 1, 1129),
('2014210101', '学生', 0, '1', 3299, 1, 1129),
('2014210104', '学生', 0, '1', 3300, 1, 1129),
('2014210112', '学生', 0, '1', 3301, 1, 1129),
('2014210113', '学生', 0, '1', 3302, 1, 1129),
('2014210118', '学生', 0, '1', 3303, 1, 1129),
('2014210119', '学生', 0, '1', 3304, 1, 1129),
('2014210124', '学生', 0, '1', 3305, 1, 1129),
('2014210131', '学生', 0, '1', 3306, 1, 1129),
('2014210135', '学生', 0, '1', 3307, 1, 1129),
('2014210144', '学生', 0, '1', 3308, 1, 1129),
('2014210158', '学生', 0, '1', 3309, 1, 1129),
('2014210161', '学生', 0, '1', 3310, 1, 1129),
('2014210201', '学生', 0, '1', 3311, 1, 1129),
('2014210208', '学生', 0, '1', 3312, 1, 1129),
('2014210210', '学生', 0, '1', 3313, 1, 1129),
('2014210216', '学生', 0, '1', 3314, 1, 1129),
('2014210219', '学生', 0, '1', 3315, 1, 1129),
('2014210222', '学生', 0, '1', 3316, 1, 1129),
('2014210227', '学生', 0, '1', 3317, 1, 1129),
('2014210265', '学生', 0, '1', 3318, 1, 1129),
('2014210294', '学生', 0, '1', 3319, 1, 1129),
('2014210323', '学生', 0, '1', 3320, 1, 1129),
('2014210333', '学生', 0, '1', 3321, 1, 1129),
('2014210337', '学生', 0, '1', 3322, 1, 1129),
('2014210339', '学生', 0, '1', 3323, 1, 1129),
('2014210368', '学生', 0, '1', 3324, 1, 1129),
('2014210376', '学生', 0, '1', 3325, 1, 1129),
('2014210392', '学生', 0, '1', 3326, 1, 1129),
('2014210394', '学生', 0, '1', 3327, 1, 1129),
('2014210401', '学生', 0, '1', 3328, 1, 1129),
('2014210407', '学生', 0, '1', 3329, 1, 1129),
('2014210412', '学生', 0, '1', 3330, 1, 1129),
('2014210415', '学生', 0, '1', 3331, 1, 1129),
('2014210419', '学生', 0, '1', 3332, 1, 1129),
('2014210434', '学生', 0, '1', 3333, 1, 1129),
('2014210438', '学生', 0, '1', 3334, 1, 1129),
('2014210439', '学生', 0, '1', 3335, 1, 1129),
('2014210440', '学生', 0, '1', 3336, 1, 1129),
('2014210442', '学生', 0, '1', 3337, 1, 1129),
('2014210449', '学生', 0, '1', 3338, 1, 1129),
('2014210451', '学生', 0, '1', 3339, 1, 1129),
('2014210454', '学生', 0, '1', 3340, 1, 1129),
('2014210473', '学生', 0, '1', 3341, 1, 1129),
('2014210475', '学生', 0, '1', 3342, 1, 1129),
('2014210507', '学生', 0, '1', 3343, 1, 1129),
('2014210514', '学生', 0, '1', 3344, 1, 1129);

-- --------------------------------------------------------

--
-- 表的结构 `ref_judge_jgroup`
--

CREATE TABLE IF NOT EXISTS `ref_judge_jgroup` (
  `ref_J_JG_ID` varchar(10) NOT NULL COMMENT '组成编号',
  `ref_J_JG_judge_no` varchar(10) NOT NULL COMMENT '评审员编号',
  `ref_J_JG_jgroup_no` varchar(10) NOT NULL COMMENT '评审组编号',
  PRIMARY KEY (`ref_J_JG_judge_no`,`ref_J_JG_jgroup_no`)
) ENGINE=InnoDB DEFAULT CHARSET=latin1;

--
-- 转存表中的数据 `ref_judge_jgroup`
--

INSERT INTO `ref_judge_jgroup` (`ref_J_JG_ID`, `ref_J_JG_judge_no`, `ref_J_JG_jgroup_no`) VALUES
('739', '442', '331'),
('740', '443', '332'),
('741', '444', '333'),
('742', '445', '1');

-- --------------------------------------------------------

--
-- 表的结构 `ref_sconstitue_jgroup`
--

CREATE TABLE IF NOT EXISTS `ref_sconstitue_jgroup` (
  `ref_sconstitue_jgroup_no` varchar(10) NOT NULL COMMENT '评判编号',
  `ref_sconstitue_jgroup_jgroup_no` varchar(10) NOT NULL COMMENT '评审组编号',
  `ref_sconstitue_jgroup_sconstitue_no` varchar(10) NOT NULL COMMENT '具体组成编号',
  PRIMARY KEY (`ref_sconstitue_jgroup_jgroup_no`,`ref_sconstitue_jgroup_sconstitue_no`)
) ENGINE=InnoDB DEFAULT CHARSET=latin1;

--
-- 转存表中的数据 `ref_sconstitue_jgroup`
--

INSERT INTO `ref_sconstitue_jgroup` (`ref_sconstitue_jgroup_no`, `ref_sconstitue_jgroup_jgroup_no`, `ref_sconstitue_jgroup_sconstitue_no`) VALUES
('850', '331', '553'),
('851', '332', '554'),
('852', '333', '555');

-- --------------------------------------------------------

--
-- 表的结构 `ref_s_sgroup`
--

CREATE TABLE IF NOT EXISTS `ref_s_sgroup` (
  `ref_S_Sgroup_no` varchar(12) NOT NULL COMMENT '学生分组关系编号',
  `ref_S_Sgroup_ID` varchar(10) NOT NULL COMMENT '学号',
  `ref_S_Sgroup_sgroup` varchar(10) NOT NULL COMMENT '学生组号',
  PRIMARY KEY (`ref_S_Sgroup_ID`,`ref_S_Sgroup_sgroup`)
) ENGINE=InnoDB DEFAULT CHARSET=latin1;

-- --------------------------------------------------------

--
-- 表的结构 `ref_tclass_student`
--

CREATE TABLE IF NOT EXISTS `ref_tclass_student` (
  `ref_T_S_ID` varchar(10) DEFAULT NULL COMMENT '组成教学班编号',
  `ref_T_S_Tclass_no` varchar(10) CHARACTER SET utf8 NOT NULL COMMENT '教学班编号',
  `ref_T_S_student_ID` varchar(10) NOT NULL COMMENT '学生学号',
  `student_type` varchar(255) CHARACTER SET utf8 DEFAULT NULL,
  PRIMARY KEY (`ref_T_S_Tclass_no`,`ref_T_S_student_ID`),
  UNIQUE KEY `belong_T_S_ID` (`ref_T_S_ID`)
) ENGINE=InnoDB DEFAULT CHARSET=latin1;

--
-- 转存表中的数据 `ref_tclass_student`
--

INSERT INTO `ref_tclass_student` (`ref_T_S_ID`, `ref_T_S_Tclass_no`, `ref_T_S_student_ID`, `student_type`) VALUES
(NULL, 'A011518756', '2012216492', '重修'),
(NULL, 'A011518756', '2013210106', '重修'),
(NULL, 'A011518756', '2013210301', '重修'),
(NULL, 'A011518756', '2014210014', '正常'),
(NULL, 'A011518756', '2014210020', '正常'),
(NULL, 'A011518756', '2014210030', '正常'),
(NULL, 'A011518756', '2014210036', '正常'),
(NULL, 'A011518756', '2014210073', '正常'),
(NULL, 'A011518756', '2014210101', '正常'),
(NULL, 'A011518756', '2014210104', '正常'),
(NULL, 'A011518756', '2014210112', '正常'),
(NULL, 'A011518756', '2014210113', '正常'),
(NULL, 'A011518756', '2014210118', '正常'),
(NULL, 'A011518756', '2014210119', '正常'),
(NULL, 'A011518756', '2014210124', '正常'),
(NULL, 'A011518756', '2014210131', '正常'),
(NULL, 'A011518756', '2014210135', '正常'),
(NULL, 'A011518756', '2014210144', '正常'),
(NULL, 'A011518756', '2014210158', '正常'),
(NULL, 'A011518756', '2014210161', '正常'),
(NULL, 'A011518756', '2014210201', '正常'),
(NULL, 'A011518756', '2014210208', '正常'),
(NULL, 'A011518756', '2014210210', '正常'),
(NULL, 'A011518756', '2014210216', '正常'),
(NULL, 'A011518756', '2014210219', '正常'),
(NULL, 'A011518756', '2014210222', '正常'),
(NULL, 'A011518756', '2014210227', '正常'),
(NULL, 'A011518756', '2014210265', '正常'),
(NULL, 'A011518756', '2014210294', '正常'),
(NULL, 'A011518756', '2014210323', '正常'),
(NULL, 'A011518756', '2014210333', '正常'),
(NULL, 'A011518756', '2014210337', '正常'),
(NULL, 'A011518756', '2014210339', '正常'),
(NULL, 'A011518756', '2014210368', '正常'),
(NULL, 'A011518756', '2014210376', '正常'),
(NULL, 'A011518756', '2014210392', '正常'),
(NULL, 'A011518756', '2014210394', '正常'),
(NULL, 'A011518756', '2014210401', '正常'),
(NULL, 'A011518756', '2014210407', '正常'),
(NULL, 'A011518756', '2014210412', '正常'),
(NULL, 'A011518756', '2014210415', '正常'),
(NULL, 'A011518756', '2014210419', '正常'),
(NULL, 'A011518756', '2014210434', '正常'),
(NULL, 'A011518756', '2014210438', '正常'),
(NULL, 'A011518756', '2014210439', '正常'),
(NULL, 'A011518756', '2014210440', '正常'),
(NULL, 'A011518756', '2014210442', '正常'),
(NULL, 'A011518756', '2014210449', '正常'),
(NULL, 'A011518756', '2014210451', '正常'),
(NULL, 'A011518756', '2014210454', '正常'),
(NULL, 'A011518756', '2014210473', '正常'),
(NULL, 'A011518756', '2014210475', '正常'),
(NULL, 'A011518756', '2014210507', '正常'),
(NULL, 'A011518756', '2014210514', '正常'),
('1', 'A01905642', '2012212523', NULL),
('17', 'A01905642', '2012216302', NULL),
('18', 'A01905642', '2012216318', NULL),
('19', 'A01905642', '2012216319', NULL),
('20', 'A01905642', '2012216431', NULL),
('21', 'A01905642', '2012216507', NULL),
('22', 'A01905642', '2012216586', NULL),
('2', 'A01905642', '2013210019', NULL),
('3', 'A01905642', '2013210021', NULL),
('4', 'A01905642', '2013210025', NULL),
('5', 'A01905642', '2013210045', NULL),
('6', 'A01905642', '2013210048', NULL),
('7', 'A01905642', '2013210057', NULL),
('8', 'A01905642', '2013210084', NULL),
('9', 'A01905642', '2013210150', NULL),
('10', 'A01905642', '2013210160', NULL),
('11', 'A01905642', '2013210199', NULL),
('12', 'A01905642', '2013210264', NULL),
('13', 'A01905642', '2013210389', NULL),
('14', 'A01905642', '2013210445', NULL),
('15', 'A01905642', '2013210493', NULL),
('16', 'A01905642', '2013210505', NULL),
('23', 'S36673042', '2013210001', NULL),
('24', 'S36673042', '2013210018', NULL),
('25', 'S36673042', '2013210024', NULL),
('26', 'S36673042', '2013210030', NULL),
('27', 'S36673042', '2013210031', NULL),
('28', 'S36673042', '2013210034', NULL),
('29', 'S36673042', '2013210047', NULL),
('30', 'S36673042', '2013210059', NULL),
('31', 'S36673042', '2013210076', NULL),
('32', 'S36673042', '2013210094', NULL),
('33', 'S36673042', '2013210107', NULL),
('34', 'S36673042', '2013210124', NULL),
('35', 'S36673042', '2013210137', NULL),
('36', 'S36673042', '2013210142', NULL),
('37', 'S36673042', '2013210151', NULL),
('38', 'S36673042', '2013210172', NULL),
('39', 'S36673042', '2013210180', NULL),
('40', 'S36673042', '2013210181', NULL),
('41', 'S36673042', '2013210185', NULL),
('42', 'S36673042', '2013210188', NULL),
('43', 'S36673042', '2013210189', NULL),
('44', 'S36673042', '2013210190', NULL),
('45', 'S36673042', '2013210192', NULL),
('46', 'S36673042', '2013210215', NULL),
('47', 'S36673042', '2013210219', NULL),
('48', 'S36673042', '2013210220', NULL),
('49', 'S36673042', '2013210222', NULL),
('50', 'S36673042', '2013210235', NULL),
('51', 'S36673042', '2013210249', NULL),
('52', 'S36673043', '2012210636', NULL),
('53', 'S36673043', '2013210256', NULL),
('54', 'S36673043', '2013210265', NULL),
('55', 'S36673043', '2013210338', NULL),
('56', 'S36673043', '2013210339', NULL),
('57', 'S36673043', '2013210342', NULL),
('58', 'S36673043', '2013210379', NULL),
('59', 'S36673043', '2013210380', NULL),
('60', 'S36673043', '2013210401', NULL),
('61', 'S36673043', '2013210403', NULL),
('62', 'S36673043', '2013210408', NULL),
('63', 'S36673043', '2013210412', NULL),
('64', 'S36673043', '2013210413', NULL),
('65', 'S36673043', '2013210418', NULL),
('66', 'S36673043', '2013210421', NULL),
('67', 'S36673043', '2013210422', NULL),
('68', 'S36673043', '2013210434', NULL),
('69', 'S36673043', '2013210440', NULL),
('70', 'S36673043', '2013210469', NULL),
('71', 'S36673043', '2013210476', NULL),
('72', 'S36673043', '2013210485', NULL),
('73', 'S36673043', '2013210501', NULL),
('74', 'S36673043', '2013210502', NULL),
('75', 'S36673043', '2013210508', NULL),
('76', 'S36673043', '2013210516', NULL),
('77', 'S36673043', '2013210525', NULL),
('78', 'S36673043', '2013210531', NULL),
('79', 'S36673043', '2013210534', NULL),
('80', 'S36673043', '2013210558', NULL),
('81', 'S36673043', '2013210576', NULL),
('82', 'S36673579', '2012216277', NULL),
('83', 'S36673579', '2012216278', NULL),
('84', 'S36673579', '2012216279', NULL),
('85', 'S36673579', '2012216280', NULL),
('86', 'S36673579', '2012216282', NULL),
('87', 'S36673579', '2012216283', NULL),
('88', 'S36673579', '2012216287', NULL),
('89', 'S36673579', '2012216290', NULL),
('90', 'S36673579', '2012216296', NULL),
('91', 'S36673579', '2012216297', NULL),
('92', 'S36673579', '2012216298', NULL),
('93', 'S36673579', '2012216300', NULL),
('94', 'S36673579', '2012216305', NULL),
('95', 'S36673579', '2012216306', NULL),
('96', 'S36673579', '2012216307', NULL),
('97', 'S36673579', '2012216312', NULL),
('98', 'S36673579', '2012216327', NULL),
('99', 'S36673579', '2012216331', NULL),
('100', 'S36673583', '2012216281', NULL),
('101', 'S36673583', '2012216295', NULL),
('102', 'S36673583', '2012216403', NULL),
('103', 'S36673583', '2012216404', NULL),
('104', 'S36673583', '2012216405', NULL),
('105', 'S36673583', '2012216406', NULL),
('106', 'S36673583', '2012216407', NULL),
('107', 'S36673583', '2012216408', NULL),
('108', 'S36673583', '2012216409', NULL),
('109', 'S36673583', '2012216410', NULL),
('110', 'S36673583', '2012216411', NULL),
('111', 'S36673583', '2012216412', NULL),
('112', 'S36673583', '2012216414', NULL),
('113', 'S36673583', '2012216416', NULL),
('114', 'S36673583', '2012216417', NULL),
('115', 'S36673583', '2012216418', NULL),
('116', 'S36673583', '2012216419', NULL),
('117', 'S36673583', '2012216420', NULL),
('118', 'S36673583', '2012216423', NULL),
('119', 'S36673583', '2012216424', NULL),
('120', 'S36673583', '2012216425', NULL),
('121', 'S36673583', '2012216426', NULL),
('122', 'S36673583', '2012216427', NULL),
('123', 'S36673583', '2012216429', NULL),
('124', 'S36673583', '2012216430', NULL),
('125', 'S36673583', '2012216431', NULL),
('126', 'S36673583', '2012216432', NULL),
('127', 'S36673583', '2012216434', NULL),
(NULL, 'SJ1511017', '2012210592', '补修'),
(NULL, 'SJ1511017', '2014210298', '正常'),
(NULL, 'SJ1511017', '2014210299', '正常'),
(NULL, 'SJ1511017', '2014210300', '正常'),
(NULL, 'SJ1511017', '2014210301', '正常'),
(NULL, 'SJ1511017', '2014210302', '正常'),
(NULL, 'SJ1511017', '2014210303', '正常'),
(NULL, 'SJ1511017', '2014210304', '正常'),
(NULL, 'SJ1511017', '2014210305', '正常'),
(NULL, 'SJ1511017', '2014210306', '正常'),
(NULL, 'SJ1511017', '2014210307', '正常'),
(NULL, 'SJ1511017', '2014210308', '正常'),
(NULL, 'SJ1511017', '2014210309', '正常'),
(NULL, 'SJ1511017', '2014210310', '正常'),
(NULL, 'SJ1511017', '2014210311', '正常'),
(NULL, 'SJ1511017', '2014210312', '正常'),
(NULL, 'SJ1511017', '2014210313', '正常'),
(NULL, 'SJ1511017', '2014210314', '正常'),
(NULL, 'SJ1511017', '2014210315', '正常'),
(NULL, 'SJ1511017', '2014210316', '正常'),
(NULL, 'SJ1511017', '2014210317', '正常'),
(NULL, 'SJ1511017', '2014210319', '正常'),
(NULL, 'SJ1511017', '2014210320', '正常'),
(NULL, 'SJ1511017', '2014210321', '正常'),
(NULL, 'SJ1511017', '2014210322', '正常'),
(NULL, 'SJ1511017', '2014210325', '正常'),
(NULL, 'SJ1511017', '2014210326', '正常'),
(NULL, 'SJ1511017', '2014210327', '正常'),
(NULL, 'SJ1511017', '2014210328', '正常'),
(NULL, 'SJ1511017', '2014210329', '正常'),
(NULL, 'SJ1511017', '2014210330', '正常'),
(NULL, 'SJ1511024', '2012212523', '正常'),
(NULL, 'SJ1511024', '2013210019', '正常'),
(NULL, 'SJ1511024', '2013210021', '正常'),
(NULL, 'SJ1511024', '2013210025', '正常'),
(NULL, 'SJ1511024', '2013210045', '正常'),
(NULL, 'SJ1511024', '2013210048', '正常'),
(NULL, 'SJ1511024', '2013210057', '正常'),
(NULL, 'SJ1511024', '2013210084', '正常'),
(NULL, 'SJ1511024', '2013210150', '正常'),
(NULL, 'SJ1511024', '2013210160', '正常'),
(NULL, 'SJ1511024', '2013210199', '正常'),
(NULL, 'SJ1511024', '2013210264', '正常'),
(NULL, 'SJ1511024', '2013210389', '正常'),
(NULL, 'SJ1511024', '2013210445', '正常'),
(NULL, 'SJ1511024', '2013210505', '正常'),
(NULL, 'SJ1511090', '2014210014', '正常'),
(NULL, 'SJ1511090', '2014210030', '正常'),
(NULL, 'SJ1511090', '2014210073', '正常'),
(NULL, 'SJ1511090', '2014210104', '正常'),
(NULL, 'SJ1511090', '2014210113', '正常'),
(NULL, 'SJ1511090', '2014210119', '正常'),
(NULL, 'SJ1511090', '2014210131', '正常'),
(NULL, 'SJ1511090', '2014210161', '正常'),
(NULL, 'SJ1511090', '2014210201', '正常'),
(NULL, 'SJ1511090', '2014210208', '正常'),
(NULL, 'SJ1511090', '2014210216', '正常'),
(NULL, 'SJ1511090', '2014210222', '正常'),
(NULL, 'SJ1511090', '2014210227', '正常'),
(NULL, 'SJ1511090', '2014210294', '正常'),
(NULL, 'SJ1511090', '2014210323', '正常'),
(NULL, 'SJ1511090', '2014210337', '正常'),
(NULL, 'SJ1511090', '2014210339', '正常'),
(NULL, 'SJ1511090', '2014210392', '正常'),
(NULL, 'SJ1511090', '2014210394', '正常'),
(NULL, 'SJ1511090', '2014210415', '正常'),
(NULL, 'SJ1511090', '2014210434', '正常'),
(NULL, 'SJ1511090', '2014210449', '正常'),
(NULL, 'SJ1511090', '2014210451', '正常'),
(NULL, 'SJ1511090', '2014210454', '正常'),
(NULL, 'SJ1511090', '2014210514', '正常'),
(NULL, 'SJ1511091', '2014210020', '正常'),
(NULL, 'SJ1511091', '2014210036', '正常'),
(NULL, 'SJ1511091', '2014210101', '正常'),
(NULL, 'SJ1511091', '2014210112', '正常'),
(NULL, 'SJ1511091', '2014210118', '正常'),
(NULL, 'SJ1511091', '2014210124', '正常'),
(NULL, 'SJ1511091', '2014210135', '正常'),
(NULL, 'SJ1511091', '2014210144', '正常'),
(NULL, 'SJ1511091', '2014210158', '正常'),
(NULL, 'SJ1511091', '2014210210', '正常'),
(NULL, 'SJ1511091', '2014210219', '正常'),
(NULL, 'SJ1511091', '2014210265', '正常'),
(NULL, 'SJ1511091', '2014210333', '正常'),
(NULL, 'SJ1511091', '2014210368', '正常'),
(NULL, 'SJ1511091', '2014210376', '正常'),
(NULL, 'SJ1511091', '2014210401', '正常'),
(NULL, 'SJ1511091', '2014210407', '正常'),
(NULL, 'SJ1511091', '2014210412', '正常'),
(NULL, 'SJ1511091', '2014210419', '正常'),
(NULL, 'SJ1511091', '2014210438', '正常'),
(NULL, 'SJ1511091', '2014210439', '正常'),
(NULL, 'SJ1511091', '2014210440', '正常'),
(NULL, 'SJ1511091', '2014210442', '正常'),
(NULL, 'SJ1511091', '2014210473', '正常'),
(NULL, 'SJ1511091', '2014210475', '正常'),
(NULL, 'SJ1511091', '2014210507', '正常'),
(NULL, 'SJ1511092', '2013210018', '正常'),
(NULL, 'SJ1511092', '2013210030', '正常'),
(NULL, 'SJ1511092', '2013210031', '正常'),
(NULL, 'SJ1511092', '2013210034', '正常'),
(NULL, 'SJ1511092', '2013210059', '正常'),
(NULL, 'SJ1511092', '2013210124', '正常'),
(NULL, 'SJ1511092', '2013210137', '正常'),
(NULL, 'SJ1511092', '2013210151', '正常'),
(NULL, 'SJ1511092', '2013210172', '正常'),
(NULL, 'SJ1511092', '2013210180', '正常'),
(NULL, 'SJ1511092', '2013210181', '正常'),
(NULL, 'SJ1511092', '2013210188', '正常'),
(NULL, 'SJ1511092', '2013210189', '正常'),
(NULL, 'SJ1511092', '2013210190', '正常'),
(NULL, 'SJ1511092', '2013210220', '正常'),
(NULL, 'SJ1511092', '2013210342', '正常'),
(NULL, 'SJ1511092', '2013210380', '正常'),
(NULL, 'SJ1511092', '2013210403', '正常'),
(NULL, 'SJ1511092', '2013210408', '正常'),
(NULL, 'SJ1511092', '2013210412', '正常'),
(NULL, 'SJ1511092', '2013210418', '正常'),
(NULL, 'SJ1511092', '2013210421', '正常'),
(NULL, 'SJ1511092', '2013210434', '正常'),
(NULL, 'SJ1511092', '2013210469', '正常'),
(NULL, 'SJ1511092', '2013210516', '正常'),
(NULL, 'SJ1511092', '2013210525', '正常'),
(NULL, 'SJ1511092', '2013210558', '正常'),
(NULL, 'SJ151990', '2012210028', '正常'),
(NULL, 'SJ151990', '2012210045', '正常'),
(NULL, 'SJ151990', '2012210287', '补修'),
(NULL, 'SJ151990', '2013210004', '正常'),
(NULL, 'SJ151990', '2013210014', '正常'),
(NULL, 'SJ151990', '2013210015', '正常'),
(NULL, 'SJ151990', '2013210017', '正常'),
(NULL, 'SJ151990', '2013210022', '正常'),
(NULL, 'SJ151990', '2013210026', '正常'),
(NULL, 'SJ151990', '2013210035', '正常'),
(NULL, 'SJ151990', '2013210037', '正常'),
(NULL, 'SJ151990', '2013210039', '正常'),
(NULL, 'SJ151990', '2013210053', '正常'),
(NULL, 'SJ151990', '2013210072', '正常'),
(NULL, 'SJ151990', '2013210075', '正常'),
(NULL, 'SJ151990', '2013210096', '正常'),
(NULL, 'SJ151990', '2013210097', '正常'),
(NULL, 'SJ151990', '2013210098', '正常'),
(NULL, 'SJ151990', '2013210102', '正常'),
(NULL, 'SJ151990', '2013210108', '正常'),
(NULL, 'SJ151990', '2013210113', '正常'),
(NULL, 'SJ151990', '2013210118', '正常'),
(NULL, 'SJ151990', '2013210123', '正常'),
(NULL, 'SJ151990', '2013210133', '正常'),
(NULL, 'SJ151990', '2013210135', '正常'),
(NULL, 'SJ151990', '2013210136', '正常'),
(NULL, 'SJ151990', '2013210138', '正常'),
(NULL, 'SJ151990', '2013210139', '正常'),
(NULL, 'SJ151990', '2013210140', '正常'),
(NULL, 'SJ151990', '2013210338', '正常'),
(NULL, 'SJ151990', '2013210440', '正常'),
(NULL, 'SJ151990', '2013210476', '正常'),
(NULL, 'SJ151990', '2013210493', '正常'),
(NULL, 'SJ151990', '2013210534', '正常'),
(NULL, 'SK01151714', '2012210636', '正常'),
(NULL, 'SK01151714', '2012213530', '正常'),
(NULL, 'SK01151714', '2013210001', '正常'),
(NULL, 'SK01151714', '2013210018', '正常'),
(NULL, 'SK01151714', '2013210024', '正常'),
(NULL, 'SK01151714', '2013210030', '正常'),
(NULL, 'SK01151714', '2013210031', '正常'),
(NULL, 'SK01151714', '2013210034', '正常'),
(NULL, 'SK01151714', '2013210047', '正常'),
(NULL, 'SK01151714', '2013210059', '正常'),
(NULL, 'SK01151714', '2013210076', '正常'),
(NULL, 'SK01151714', '2013210124', '正常'),
(NULL, 'SK01151714', '2013210137', '正常'),
(NULL, 'SK01151714', '2013210142', '正常'),
(NULL, 'SK01151714', '2013210151', '正常'),
(NULL, 'SK01151714', '2013210172', '正常'),
(NULL, 'SK01151714', '2013210180', '正常'),
(NULL, 'SK01151714', '2013210181', '正常'),
(NULL, 'SK01151714', '2013210188', '正常'),
(NULL, 'SK01151714', '2013210189', '正常'),
(NULL, 'SK01151714', '2013210190', '正常'),
(NULL, 'SK01151714', '2013210192', '正常'),
(NULL, 'SK01151714', '2013210215', '正常'),
(NULL, 'SK01151714', '2013210219', '正常'),
(NULL, 'SK01151714', '2013210222', '正常'),
(NULL, 'SK01151714', '2013210235', '正常'),
(NULL, 'SK01151714', '2013210249', '正常'),
(NULL, 'SK01151714', '2013210256', '正常'),
(NULL, 'SK01151714', '2013210265', '正常'),
(NULL, 'SK01151714', '2013210339', '正常'),
(NULL, 'SK01151714', '2013210379', '正常'),
(NULL, 'SK01151714', '2013210380', '正常'),
(NULL, 'SK01151714', '2013210403', '正常'),
(NULL, 'SK01151714', '2013210412', '正常'),
(NULL, 'SK01151714', '2013210413', '正常'),
(NULL, 'SK01151714', '2013210418', '正常'),
(NULL, 'SK01151714', '2013210421', '正常'),
(NULL, 'SK01151714', '2013210434', '正常'),
(NULL, 'SK01151714', '2013210469', '正常'),
(NULL, 'SK01151714', '2013210485', '正常'),
(NULL, 'SK01151714', '2013210501', '正常'),
(NULL, 'SK01151714', '2013210502', '正常'),
(NULL, 'SK01151714', '2013210508', '正常'),
(NULL, 'SK01151714', '2013210516', '正常'),
(NULL, 'SK01151714', '2013210525', '正常'),
(NULL, 'SK01151714', '2013210531', '正常'),
(NULL, 'SK01151714', '2013210558', '正常'),
(NULL, 'SK01151714', '2013210576', '正常');

-- --------------------------------------------------------

--
-- 表的结构 `ref_teacher_cgroup`
--

CREATE TABLE IF NOT EXISTS `ref_teacher_cgroup` (
  `ref_T_C_ID` varchar(10) NOT NULL,
  `ref_T_C_Cgroup_no` varchar(10) NOT NULL COMMENT '课程组编号',
  `ref_T_C_Teacher_ID` varchar(10) NOT NULL COMMENT '老师编号',
  `ref_T_C_Headteacher_ID` varchar(10) NOT NULL COMMENT '考核负责人',
  PRIMARY KEY (`ref_T_C_Cgroup_no`,`ref_T_C_Teacher_ID`),
  UNIQUE KEY `ref_T_C_ID` (`ref_T_C_ID`)
) ENGINE=InnoDB DEFAULT CHARSET=latin1;

--
-- 转存表中的数据 `ref_teacher_cgroup`
--

INSERT INTO `ref_teacher_cgroup` (`ref_T_C_ID`, `ref_T_C_Cgroup_no`, `ref_T_C_Teacher_ID`, `ref_T_C_Headteacher_ID`) VALUES
('4', '1', '010334', ''),
('5', '1', '010351', ''),
('1', '1', '010411', ''),
('3', '1', '019901', ''),
('2', '1', '019942', '');

-- --------------------------------------------------------

--
-- 表的结构 `sconstitue`
--

CREATE TABLE IF NOT EXISTS `sconstitue` (
  `Sconstitue_no` int(255) NOT NULL AUTO_INCREMENT COMMENT '具体组成编号',
  `Sconstitue_properties` varchar(4) CHARACTER SET gb2312 COLLATE gb2312_bin NOT NULL COMMENT '性质',
  `Sconstitue_full_mark` tinyint(3) NOT NULL COMMENT '满分',
  `sconstitue_jgroup_no` varchar(10) NOT NULL COMMENT '评审组编号',
  `sconstitue_cexplain_no` int(11) NOT NULL COMMENT '项目名编号',
  PRIMARY KEY (`Sconstitue_no`)
) ENGINE=InnoDB  DEFAULT CHARSET=latin1 AUTO_INCREMENT=668 ;

--
-- 转存表中的数据 `sconstitue`
--

INSERT INTO `sconstitue` (`Sconstitue_no`, `Sconstitue_properties`, `Sconstitue_full_mark`, `sconstitue_jgroup_no`, `sconstitue_cexplain_no`) VALUES
(1, '评审', 100, '336', 0),
(553, '评定', 100, '331', 1),
(554, '评定', 100, '332', 2),
(555, '评审', 100, '333', 3),
(556, '评审', 100, '334', 4),
(557, '评审', 100, '335', 5),
(558, '评审', 100, '336', 6),
(559, '评审', 100, '336', 32),
(560, '评定', 100, '336', 33),
(569, '评定', 100, '336', 43),
(570, '评定', 100, '336', 44),
(571, '评定', 100, '336', 45),
(572, '评定', 100, '336', 46),
(573, '评定', 100, '336', 47),
(574, '评定', 100, '336', 48),
(575, '评定', 100, '336', 49),
(576, '评定', 100, '336', 50),
(577, '评定', 100, '336', 51),
(578, '评定', 100, '336', 52),
(579, '评定', 100, '336', 53),
(580, '评定', 100, '336', 54),
(581, '评定', 100, '336', 55),
(582, '评定', 100, '336', 56),
(583, '评定', 100, '336', 57),
(584, '评定', 100, '336', 58),
(585, '评定', 100, '336', 59),
(586, '评定', 100, '336', 60),
(587, '评定', 100, '336', 61),
(588, '评定', 100, '336', 62),
(589, '评审', 100, '336', 63),
(590, '评审', 100, '336', 64),
(591, '评审', 100, '336', 65),
(592, '评定', 100, '336', 66),
(593, '评定', 100, '336', 67),
(594, '评定', 100, '336', 68),
(595, '评审', 100, '336', 69),
(596, '评定', 100, '336', 70),
(597, '评定', 100, '336', 71),
(598, '评审', 100, '336', 72),
(599, '', 100, '336', 73),
(600, '', 100, '336', 74),
(601, '评定', 100, '336', 75),
(602, '评定', 100, '336', 76),
(603, '评审', 100, '336', 77),
(604, '评审', 100, '336', 78),
(605, '评审', 100, '336', 79),
(606, '评审', 100, '336', 80),
(607, '评审', 100, '336', 81),
(608, '评定', 100, '336', 82),
(609, '评审', 100, '336', 83),
(610, '评审', 100, '336', 84),
(611, '评审', 100, '336', 85),
(612, '评审', 100, '336', 86),
(613, '评审', 100, '336', 87),
(614, '评审', 100, '336', 88),
(615, '评审', 100, '336', 89),
(616, '评审', 100, '336', 90),
(617, '评审', 100, '336', 91),
(618, '评审', 100, '336', 92),
(619, '评审', 100, '336', 93),
(620, '评审', 100, '336', 94),
(621, '评定', 100, '336', 95),
(622, '评审', 100, '336', 96),
(623, '评定', 100, '336', 97),
(624, '评定', 100, '336', 98),
(625, '评定', 100, '336', 99),
(626, '评审', 100, '336', 100),
(627, '评审', 100, '336', 101),
(628, '评审', 100, '336', 102),
(629, '评审', 100, '336', 103),
(630, '评审', 100, '336', 104),
(631, '评审', 100, '336', 105),
(632, '评审', 100, '336', 106),
(633, '评审', 100, '336', 107),
(634, '评审', 100, '336', 108),
(635, '评审', 100, '336', 109),
(636, '评审', 100, '336', 110),
(637, '评审', 100, '336', 111),
(638, '评定', 100, '336', 112),
(639, '评定', 100, '336', 113),
(640, '评定', 100, '336', 114),
(641, '评定', 100, '336', 115),
(642, '评定', 100, '336', 116),
(643, '评定', 100, '336', 117),
(644, '评定', 100, '336', 118),
(645, '评定', 100, '336', 119),
(646, '评定', 100, '336', 120),
(647, '评定', 100, '336', 121),
(648, '评审', 100, '336', 122),
(649, '评审', 100, '336', 123),
(650, '评审', 100, '336', 124),
(651, '评审', 100, '336', 125),
(652, '评审', 100, '336', 126),
(653, '评审', 100, '336', 127),
(654, '评审', 100, '336', 128),
(655, '评审', 100, '336', 129),
(656, '评审', 100, '336', 130),
(657, '评审', 100, '336', 131),
(658, '评审', 100, '336', 132),
(659, '评审', 100, '336', 133),
(660, '评审', 100, '336', 134),
(661, '评审', 100, '336', 135),
(662, '评审', 100, '336', 136),
(663, '评审', 100, '336', 137),
(664, '评审', 100, '336', 138),
(665, '评审', 100, '336', 139),
(666, '评审', 100, '336', 140),
(667, '评审', 100, '336', 141);

-- --------------------------------------------------------

--
-- 表的结构 `sgroup`
--

CREATE TABLE IF NOT EXISTS `sgroup` (
  `sgroup_no` varchar(10) NOT NULL COMMENT '学生组号',
  `sgroup_name` varchar(10) CHARACTER SET gb2312 COLLATE gb2312_bin NOT NULL COMMENT '学生组名',
  `sgroup_grades` tinyint(3) NOT NULL COMMENT '成绩',
  PRIMARY KEY (`sgroup_no`)
) ENGINE=InnoDB DEFAULT CHARSET=latin1;

--
-- 转存表中的数据 `sgroup`
--

INSERT INTO `sgroup` (`sgroup_no`, `sgroup_name`, `sgroup_grades`) VALUES
('664', '学生组3', 86),
('665', '学生组2', 87),
('666', '学生组1', 88);

-- --------------------------------------------------------

--
-- 表的结构 `stopic`
--

CREATE TABLE IF NOT EXISTS `stopic` (
  `Stopic_sgroup_no` varchar(10) NOT NULL COMMENT '学生组号',
  `Stopic_sconstitue_no` varchar(10) NOT NULL COMMENT '具体组成编号',
  `Stopic_jgroup_no` varchar(10) NOT NULL COMMENT '评审组编号',
  `stopic_topic_no` varchar(10) NOT NULL COMMENT '题目编号',
  PRIMARY KEY (`Stopic_sgroup_no`,`Stopic_sconstitue_no`)
) ENGINE=InnoDB DEFAULT CHARSET=latin1;

--
-- 转存表中的数据 `stopic`
--

INSERT INTO `stopic` (`Stopic_sgroup_no`, `Stopic_sconstitue_no`, `Stopic_jgroup_no`, `stopic_topic_no`) VALUES
('664', '553', '1', '997'),
('665', '554', '1', '998'),
('666', '555', '1', '999'),
('667', '553', '1', '996'),
('668', '556', '1', '996');

-- --------------------------------------------------------

--
-- 表的结构 `student`
--

CREATE TABLE IF NOT EXISTS `student` (
  `student_name` varchar(4) CHARACTER SET utf8 NOT NULL COMMENT '姓名',
  `student_ID` varchar(10) CHARACTER SET utf8 NOT NULL COMMENT '学号',
  `student_sex` varchar(2) CHARACTER SET utf8 NOT NULL COMMENT '性别',
  `student_age` tinyint(2) NOT NULL COMMENT '年龄',
  `student_class_no` varchar(10) CHARACTER SET utf8 NOT NULL COMMENT '班级编号',
  `student_password` varchar(16) CHARACTER SET utf8 NOT NULL COMMENT '密码',
  PRIMARY KEY (`student_ID`)
) ENGINE=InnoDB DEFAULT CHARSET=latin1;

--
-- 转存表中的数据 `student`
--

INSERT INTO `student` (`student_name`, `student_ID`, `student_sex`, `student_age`, `student_class_no`, `student_password`) VALUES
('陈思谋', '2012120013', '男', 0, '01141501', '2012120013'),
('肖钇同', '2012120020', '男', 0, '0101409', '2012120020'),
('周杰', '2012210636', '男', 0, '0191302', '2012210636'),
('孙康瑞', '2012210734', '男', 0, '0101414', '2012210734'),
('高东君', '2012212523', '男', 0, '191303', '2012212523'),
('柏月智', '2012216277', '男', 0, '5111201', '2012216277'),
('崔欢喜', '2012216278', '男', 0, '5111201', '2012216278'),
('董俊良', '2012216279', '男', 0, '5111201', '2012216279'),
('樊柳', '2012216280', '女', 0, '5111201', '2012216280'),
('耿小龙', '2012216281', '男', 0, '5111205', '2012216281'),
('李晶晶', '2012216282', '女', 0, '5111201', '2012216282'),
('李润其', '2012216283', '男', 0, '5111201', '2012216283'),
('罗嘉欣', '2012216287', '女', 0, '5111201', '2012216287'),
('谭佳嘉', '2012216290', '女', 0, '5111201', '2012216290'),
('王渝龙', '2012216295', '男', 0, '5111205', '2012216295'),
('向怡璇', '2012216296', '女', 0, '5111201', '2012216296'),
('薛元汉', '2012216297', '男', 0, '5111201', '2012216297'),
('杨静', '2012216298', '女', 0, '5111201', '2012216298'),
('杨小莉', '2012216300', '女', 0, '5111201', '2012216300'),
('游航', '2012216302', '男', 0, '5111201', '2012216302'),
('张佩琦', '2012216305', '女', 0, '5111201', '2012216305'),
('赵磊', '2012216306', '男', 0, '5111201', '2012216306'),
('朱灿', '2012216307', '男', 0, '5111201', '2012216307'),
('古思维', '2012216312', '男', 0, '5111201', '2012216312'),
('李秋林', '2012216318', '男', 0, '5111202', '2012216318'),
('凌程', '2012216319', '男', 0, '5111202', '2012216319'),
('谭?', '2012216327', '男', 0, '5111201', '2012216327'),
('肖瑜', '2012216331', '男', 0, '5111201', '2012216331'),
('陈聪语', '2012216403', '男', 0, '5111205', '2012216403'),
('陈飞', '2012216404', '男', 0, '5111205', '2012216404'),
('郭坤仑', '2012216405', '男', 0, '5111205', '2012216405'),
('黄玉琴', '2012216406', '女', 0, '5111205', '2012216406'),
('兰楠', '2012216407', '女', 0, '5111205', '2012216407'),
('李春梅', '2012216408', '女', 0, '5111205', '2012216408'),
('林孟', '2012216409', '女', 0, '5111205', '2012216409'),
('林源凯', '2012216410', '男', 0, '5111205', '2012216410'),
('刘建', '2012216411', '男', 0, '5111205', '2012216411'),
('刘佩松', '2012216412', '男', 0, '5111205', '2012216412'),
('秦文英', '2012216414', '女', 0, '5111205', '2012216414'),
('万家豪', '2012216416', '男', 0, '5111205', '2012216416'),
('王皓然', '2012216417', '男', 0, '5111205', '2012216417'),
('王黎楠', '2012216418', '女', 0, '5111205', '2012216418'),
('王世宽', '2012216419', '男', 0, '5111205', '2012216419'),
('王阳', '2012216420', '男', 0, '5111205', '2012216420'),
('蔚文彦', '2012216423', '男', 0, '5111205', '2012216423'),
('吴冰', '2012216424', '男', 0, '5111205', '2012216424'),
('向亚军', '2012216425', '男', 0, '5111205', '2012216425'),
('徐浪', '2012216426', '男', 0, '5111205', '2012216426'),
('薛世斌', '2012216427', '男', 0, '5111205', '2012216427'),
('杨城', '2012216428', '男', 0, '0101405', '2012216428'),
('殷琪琪', '2012216429', '女', 0, '5111205', '2012216429'),
('张鸣洁', '2012216430', '男', 0, '5111205', '2012216430'),
('张睿', '2012216431', '男', 0, '5111205', '2012216431'),
('郑南翔', '2012216432', '男', 0, '5111205', '2012216432'),
('周琴', '2012216434', '女', 0, '5111205', '2012216434'),
('罗浩', '2012216507', '男', 0, '5121202', '2012216507'),
('雷宏', '2012216586', '男', 0, '5121205', '2012216586'),
('许梦姣', '2013210001', '女', 0, '0191301', '2013210001'),
('曹亚帅', '2013210019', '男', 0, '191303', '2013210019'),
('鲁航宇', '2013210021', '男', 0, '191303', '2013210021'),
('杨闰哲', '2013210024', '男', 20, '0101306', '2013210024'),
('李卓颖', '2013210025', '男', 0, '191303', '2013210025'),
('马斯鸣', '2013210030', '男', 20, '0101306', '2013210030'),
('谭浩', '2013210031', '男', 20, '0101306', '2013210031'),
('蒋华强', '2013210034', '男', 0, '0191301', '2013210034'),
('王娟娟', '2013210045', '女', 0, '191303', '2013210045'),
('张兰', '2013210047', '女', 0, '0191301', '2013210047'),
('秦瑶', '2013210048', '女', 0, '191303', '2013210048'),
('陈毅', '2013210057', '男', 0, '191303', '2013210057'),
('王留洋', '2013210059', '男', 0, '0191301', '2013210059'),
('陈旭', '2013210076', '男', 0, '0191301', '2013210076'),
('周阳', '2013210082', '女', 0, '0191301', '2013210082'),
('赵思雨', '2013210084', '女', 0, '191303', '2013210084'),
('吴思皓', '2013210094', '男', 0, '0191301', '2013210094'),
('朱俊', '2013210107', '男', 0, '0191301', '2013210107'),
('刘贻静', '2013210124', '女', 0, '0191301', '2013210124'),
('郑佳宇', '2013210137', '男', 0, '0191301', '2013210137'),
('朱忆昆', '2013210142', '男', 0, '0191301', '2013210142'),
('刘焓', '2013210150', '男', 0, '191303', '2013210150'),
('向光杰', '2013210151', '男', 0, '0191301', '2013210151'),
('谭颀', '2013210160', '女', 0, '191303', '2013210160'),
('黄坤欣', '2013210172', '男', 0, '0191301', '2013210172'),
('杨綦祯', '2013210180', '男', 0, '0191301', '2013210180'),
('何晨', '2013210181', '男', 0, '0191301', '2013210181'),
('王晓宇', '2013210185', '男', 0, '0191301', '2013210185'),
('刘源', '2013210188', '男', 0, '0191301', '2013210188'),
('袁聪', '2013210189', '男', 0, '0191301', '2013210189'),
('陈超', '2013210190', '男', 0, '0191301', '2013210190'),
('颜洁', '2013210192', '男', 0, '0191301', '2013210192'),
('周湘云', '2013210199', '女', 0, '191303', '2013210199'),
('王宁', '2013210215', '男', 0, '0191301', '2013210215'),
('张镇鹏', '2013210219', '男', 0, '0191301', '2013210219'),
('张浩', '2013210220', '男', 0, '0191301', '2013210220'),
('王科', '2013210221', '女', 0, '0191306', '2013210221'),
('王森', '2013210222', '男', 0, '0191301', '2013210222'),
('许海', '2013210230', '男', 0, '0101409', '2013210230'),
('王利婷', '2013210235', '女', 0, '0191301', '2013210235'),
('孙童童', '2013210249', '男', 0, '0191301', '2013210249'),
('凌正山', '2013210256', '男', 0, '0191302', '2013210256'),
('王圣', '2013210264', '男', 0, '191303', '2013210264'),
('蔡鲁川', '2013210265', '男', 0, '0191302', '2013210265'),
('代东良', '2013210338', '男', 0, '0191302', '2013210338'),
('赵晓川', '2013210339', '男', 0, '0191302', '2013210339'),
('雷攀', '2013210342', '男', 0, '0191302', '2013210342'),
('任灵杰', '2013210379', '男', 0, '0191302', '2013210379'),
('余杨', '2013210380', '男', 0, '0191302', '2013210380'),
('闫淼', '2013210389', '女', 0, '191303', '2013210389'),
('唐羽', '2013210401', '男', 0, '0191302', '2013210401'),
('张靖', '2013210403', '男', 0, '0191302', '2013210403'),
('郭茂铭', '2013210408', '男', 0, '0191302', '2013210408'),
('刘柯弟', '2013210412', '男', 0, '0191302', '2013210412'),
('左然', '2013210413', '男', 0, '0191302', '2013210413'),
('冯源', '2013210418', '男', 0, '0191302', '2013210418'),
('周正韬', '2013210421', '男', 0, '0191302', '2013210421'),
('杨梵', '2013210422', '男', 0, '0191302', '2013210422'),
('李梦飞', '2013210434', '女', 0, '0191302', '2013210434'),
('王诚志', '2013210440', '男', 0, '0191302', '2013210440'),
('姜博', '2013210445', '男', 0, '191303', '2013210445'),
('王影', '2013210469', '女', 0, '0191302', '2013210469'),
('马戎', '2013210476', '男', 0, '0191302', '2013210476'),
('周志浩', '2013210485', '男', 0, '0191302', '2013210485'),
('何江湖', '2013210493', '男', 0, '191303', '2013210493'),
('余丽', '2013210501', '女', 0, '0191302', '2013210501'),
('马?', '2013210502', '女', 0, '0191302', '2013210502'),
('廉颖慧', '2013210505', '女', 0, '191303', '2013210505'),
('叶海娇', '2013210508', '女', 0, '0191302', '2013210508'),
('彭洲', '2013210516', '男', 0, '0191302', '2013210516'),
('郭建川', '2013210525', '男', 0, '0191302', '2013210525'),
('杨立坤', '2013210531', '男', 0, '0191302', '2013210531'),
('许炜阳', '2013210534', '男', 0, '0191302', '2013210534'),
('唐德泽', '2013210558', '男', 0, '0191302', '2013210558'),
('何青松', '2013210576', '男', 0, '0191302', '2013210576'),
('佘佳玲', '2014210002', '女', 0, '0101401', '2014210002'),
('尤洋洋', '2014210003', '女', 0, '0101401', '2014210003'),
('孟倩英', '2014210004', '女', 0, '0101401', '2014210004'),
('宋艾遥', '2014210005', '女', 0, '0101401', '2014210005'),
('莫雪莎', '2014210007', '女', 0, '0191403', '2014210007'),
('王婧', '2014210008', '女', 0, '0101401', '2014210008'),
('李鑫', '2014210009', '女', 0, '0101401', '2014210009'),
('冉俊玲', '2014210010', '女', 0, '0101401', '2014210010'),
('钟艾玲', '2014210011', '女', 0, '0101401', '2014210011'),
('徐浩', '2014210012', '男', 0, '0101401', '2014210012'),
('沙桐', '2014210013', '男', 0, '0101401', '2014210013'),
('冯秋明', '2014210014', '男', 0, '0191401', '2014210014'),
('陶子鸣', '2014210015', '男', 0, '0101401', '2014210015'),
('冯航涛', '2014210016', '男', 0, '0191403', '2014210016'),
('夏小刚', '2014210017', '男', 0, '0101401', '2014210017'),
('欧阳转', '2014210018', '男', 0, '0101401', '2014210018'),
('宋子亮', '2014210019', '男', 0, '0101401', '2014210019'),
('丁鸽', '2014210020', '男', 0, '0191402', '2014210020'),
('王尚尚', '2014210021', '男', 0, '0101401', '2014210021'),
('陈镤镭', '2014210022', '男', 0, '0191403', '2014210022'),
('陈证元', '2014210024', '男', 0, '0101401', '2014210024'),
('张浩', '2014210025', '男', 0, '0101401', '2014210025'),
('贺燕华', '2014210026', '男', 0, '0101401', '2014210026'),
('李鑫', '2014210028', '男', 0, '0101401', '2014210028'),
('彭泓月', '2014210029', '男', 0, '0101401', '2014210029'),
('景坤飞', '2014210030', '男', 0, '0191401', '2014210030'),
('张何堰', '2014210031', '男', 0, '0101401', '2014210031'),
('段书桥', '2014210033', '男', 0, '0101401', '2014210033'),
('刘慧', '2014210034', '女', 0, '0101402', '2014210034'),
('周玉佳', '2014210035', '女', 0, '0101402', '2014210035'),
('成书杉', '2014210036', '女', 0, '0191402', '2014210036'),
('杨梦梅', '2014210037', '女', 0, '0101402', '2014210037'),
('陈露', '2014210038', '女', 0, '0101402', '2014210038'),
('李蔚星', '2014210039', '女', 0, '0101402', '2014210039'),
('杜静菲', '2014210040', '女', 0, '0191403', '2014210040'),
('曾勤', '2014210041', '女', 0, '0101402', '2014210041'),
('谢攀', '2014210042', '女', 0, '0101402', '2014210042'),
('龙鑫', '2014210043', '女', 0, '0101402', '2014210043'),
('夏吉玲', '2014210044', '女', 0, '0101402', '2014210044'),
('赵祥祥', '2014210045', '男', 0, '0101402', '2014210045'),
('侯宗壮', '2014210046', '男', 0, '0101402', '2014210046'),
('苏炳?', '2014210047', '男', 0, '0101402', '2014210047'),
('韦昌权', '2014210048', '男', 0, '0101402', '2014210048'),
('宋振远', '2014210049', '男', 0, '0101402', '2014210049'),
('胡凌', '2014210050', '男', 0, '0101402', '2014210050'),
('王江维', '2014210051', '男', 0, '0191403', '2014210051'),
('陈瑞', '2014210052', '男', 0, '0101402', '2014210052'),
('刘鑫', '2014210053', '男', 0, '0101402', '2014210053'),
('李文龙', '2014210054', '男', 0, '0101402', '2014210054'),
('吴坤', '2014210055', '男', 0, '0191403', '2014210055'),
('李思贤', '2014210056', '男', 0, '0101402', '2014210056'),
('李筑聪', '2014210057', '男', 0, '0101402', '2014210057'),
('刘颖杰', '2014210058', '男', 0, '0101402', '2014210058'),
('李劲宇', '2014210059', '男', 0, '0101402', '2014210059'),
('王磊', '2014210060', '男', 0, '0101402', '2014210060'),
('刘迅', '2014210061', '男', 0, '0101402', '2014210061'),
('江川', '2014210062', '男', 0, '0101402', '2014210062'),
('周武林', '2014210063', '男', 0, '0101402', '2014210063'),
('刘圣平', '2014210064', '男', 0, '0101402', '2014210064'),
('刘松林', '2014210065', '男', 0, '0101402', '2014210065'),
('刘磊', '2014210066', '男', 0, '0101402', '2014210066'),
('胡迎春', '2014210067', '女', 0, '0101403', '2014210067'),
('龙欣', '2014210068', '女', 0, '0101403', '2014210068'),
('曹玲', '2014210069', '女', 0, '0101403', '2014210069'),
('刘燕清', '2014210070', '女', 0, '0101403', '2014210070'),
('毛骄', '2014210071', '女', 0, '0101403', '2014210071'),
('卓玛', '2014210072', '女', 0, '0101403', '2014210072'),
('张若羽', '2014210073', '女', 0, '0191401', '2014210073'),
('李露露', '2014210074', '女', 0, '0101403', '2014210074'),
('李小可', '2014210075', '女', 0, '0101403', '2014210075'),
('杜春玲', '2014210076', '女', 0, '0101403', '2014210076'),
('陈欢', '2014210077', '女', 0, '0101403', '2014210077'),
('张斌', '2014210078', '男', 0, '0101403', '2014210078'),
('何瑞', '2014210079', '男', 0, '0101403', '2014210079'),
('彭绍志', '2014210080', '男', 0, '0101403', '2014210080'),
('吴育辉', '2014210081', '男', 0, '0101403', '2014210081'),
('史雪飞', '2014210082', '男', 0, '0101403', '2014210082'),
('魏晨', '2014210083', '男', 0, '0101403', '2014210083'),
('陈亚彪', '2014210084', '男', 0, '0191403', '2014210084'),
('吕仲韬', '2014210086', '男', 0, '0101403', '2014210086'),
('石明坤', '2014210087', '男', 0, '0101403', '2014210087'),
('王鲲鹏', '2014210089', '男', 0, '0101403', '2014210089'),
('曾阳', '2014210090', '男', 0, '0101403', '2014210090'),
('杨恒', '2014210091', '男', 0, '0191403', '2014210091'),
('寿炳', '2014210092', '男', 0, '0101403', '2014210092'),
('周林川', '2014210093', '男', 0, '0101403', '2014210093'),
('夏黄卫', '2014210094', '男', 0, '0101403', '2014210094'),
('刘洋', '2014210095', '男', 0, '0101403', '2014210095'),
('邹文杰', '2014210096', '男', 0, '0101403', '2014210096'),
('冉迎希', '2014210097', '男', 0, '0101403', '2014210097'),
('唐德智', '2014210098', '男', 0, '0101403', '2014210098'),
('方强', '2014210099', '男', 0, '0101403', '2014210099'),
('简晓雯', '2014210100', '女', 0, '0101404', '2014210100'),
('邓夏茹', '2014210101', '女', 0, '0191402', '2014210101'),
('陈金玉', '2014210102', '女', 0, '0101404', '2014210102'),
('张楠楠', '2014210103', '女', 0, '0101404', '2014210103'),
('曾玉', '2014210104', '女', 0, '0191401', '2014210104'),
('央吉', '2014210105', '女', 0, '0101404', '2014210105'),
('陈容', '2014210106', '女', 0, '0101404', '2014210106'),
('唐万梅', '2014210107', '女', 0, '0101404', '2014210107'),
('刘金惠', '2014210108', '女', 0, '0101404', '2014210108'),
('杨钦钦', '2014210109', '女', 0, '0101404', '2014210109'),
('余鑫', '2014210110', '女', 0, '0101404', '2014210110'),
('丁景坤', '2014210111', '男', 0, '0101404', '2014210111'),
('张永强', '2014210112', '男', 0, '0191402', '2014210112'),
('潘越', '2014210113', '男', 0, '0191401', '2014210113'),
('陈道康', '2014210114', '男', 0, '0101404', '2014210114'),
('谷钊龙', '2014210115', '男', 0, '0101404', '2014210115'),
('刘田宇', '2014210116', '男', 0, '0101404', '2014210116'),
('邹同科', '2014210117', '男', 0, '0101404', '2014210117'),
('陈导航', '2014210118', '男', 0, '0191402', '2014210118'),
('成一鸣', '2014210119', '男', 0, '0191401', '2014210119'),
('刘守东', '2014210120', '男', 0, '0101404', '2014210120'),
('毛钦冬', '2014210121', '男', 0, '0101404', '2014210121'),
('周创', '2014210122', '男', 0, '0101404', '2014210122'),
('李滔', '2014210123', '男', 0, '0101404', '2014210123'),
('李剑', '2014210124', '男', 0, '0191402', '2014210124'),
('何康波', '2014210125', '男', 0, '0101404', '2014210125'),
('李孟松', '2014210126', '男', 0, '0101404', '2014210126'),
('罗皓', '2014210127', '男', 0, '0101404', '2014210127'),
('陈苑佳', '2014210128', '男', 0, '0101404', '2014210128'),
('秦杰', '2014210129', '男', 0, '0101404', '2014210129'),
('赵子介', '2014210130', '男', 0, '0101404', '2014210130'),
('马鹏飞', '2014210131', '男', 0, '0191401', '2014210131'),
('向勇', '2014210132', '男', 0, '0101404', '2014210132'),
('陈乔伊', '2014210133', '女', 0, '0101405', '2014210133'),
('王杭', '2014210135', '女', 0, '0191402', '2014210135'),
('冯嘉欣', '2014210138', '女', 0, '0101405', '2014210138'),
('姚晓芳', '2014210140', '女', 0, '0101405', '2014210140'),
('杨怡', '2014210141', '女', 0, '0101405', '2014210141'),
('杨婷', '2014210142', '女', 0, '0101405', '2014210142'),
('高雨薇', '2014210143', '女', 0, '0101405', '2014210143'),
('周诗文', '2014210144', '男', 0, '0191402', '2014210144'),
('张淼', '2014210145', '男', 0, '0101405', '2014210145'),
('王裕', '2014210146', '男', 0, '0101405', '2014210146'),
('邢增传', '2014210147', '男', 0, '0101405', '2014210147'),
('许倍铭', '2014210148', '男', 0, '0101405', '2014210148'),
('黄炜', '2014210149', '男', 0, '0101405', '2014210149'),
('陈卓宇', '2014210150', '男', 0, '0101405', '2014210150'),
('汪慧', '2014210151', '男', 0, '0101405', '2014210151'),
('张旭', '2014210152', '男', 0, '0101405', '2014210152'),
('王洁磊', '2014210153', '男', 0, '0101405', '2014210153'),
('沈周天', '2014210154', '男', 0, '0101405', '2014210154'),
('王谋', '2014210155', '男', 0, '0101405', '2014210155'),
('王星', '2014210156', '男', 0, '0101405', '2014210156'),
('张奇', '2014210157', '男', 0, '0101405', '2014210157'),
('张丽波', '2014210158', '男', 0, '0191402', '2014210158'),
('黄强', '2014210159', '男', 0, '0101405', '2014210159'),
('吴佳衡', '2014210160', '男', 0, '0101405', '2014210160'),
('杨昭', '2014210161', '男', 0, '0191401', '2014210161'),
('封雷', '2014210162', '男', 0, '0101405', '2014210162'),
('罗浩', '2014210163', '男', 0, '0101405', '2014210163'),
('韩双', '2014210165', '男', 0, '0101405', '2014210165'),
('孙嘉琳', '2014210166', '女', 0, '0101406', '2014210166'),
('郑秀凤', '2014210167', '女', 0, '0101406', '2014210167'),
('何李伟', '2014210168', '女', 0, '0191403', '2014210168'),
('陈琳', '2014210169', '女', 0, '0101406', '2014210169'),
('梁珂佳', '2014210170', '女', 0, '0101406', '2014210170'),
('刘婷', '2014210171', '女', 0, '0101406', '2014210171'),
('杨奇奇', '2014210172', '女', 0, '0101406', '2014210172'),
('向妮', '2014210173', '女', 0, '0101406', '2014210173'),
('李娅', '2014210174', '女', 0, '0101406', '2014210174'),
('汪运佳', '2014210175', '女', 0, '0101406', '2014210175'),
('谭路?', '2014210176', '女', 0, '0101406', '2014210176'),
('宋英健', '2014210177', '男', 0, '0101406', '2014210177'),
('王伟', '2014210178', '男', 0, '0101406', '2014210178'),
('李志鸿', '2014210179', '男', 0, '0101406', '2014210179'),
('王心一', '2014210180', '男', 0, '0101406', '2014210180'),
('于召峰', '2014210181', '男', 0, '0101406', '2014210181'),
('张显', '2014210182', '男', 0, '0101406', '2014210182'),
('许可非', '2014210183', '男', 0, '0101406', '2014210183'),
('王昊', '2014210184', '男', 0, '0101406', '2014210184'),
('辛超宇', '2014210185', '男', 0, '0101406', '2014210185'),
('范鑫涛', '2014210186', '男', 0, '0101406', '2014210186'),
('孙宁', '2014210187', '男', 0, '0101406', '2014210187'),
('赵庆', '2014210188', '男', 0, '0101406', '2014210188'),
('赵友渔', '2014210189', '男', 0, '0101406', '2014210189'),
('毕锐', '2014210190', '男', 0, '0101406', '2014210190'),
('董志浩', '2014210191', '男', 0, '0191403', '2014210191'),
('王俊钦', '2014210192', '男', 0, '0101406', '2014210192'),
('冉洁', '2014210193', '男', 0, '0101406', '2014210193'),
('王飞辉', '2014210194', '男', 0, '0101406', '2014210194'),
('邓良浪', '2014210195', '男', 0, '0101406', '2014210195'),
('王伟', '2014210196', '男', 0, '0101406', '2014210196'),
('刘欣', '2014210197', '男', 0, '0101406', '2014210197'),
('周江山', '2014210198', '男', 0, '0101406', '2014210198'),
('陈凯第', '2014210199', '女', 0, '0101407', '2014210199'),
('冀婷', '2014210200', '女', 0, '0191403', '2014210200'),
('宣琪伟', '2014210201', '女', 0, '0191401', '2014210201'),
('张文佳', '2014210202', '女', 0, '0191403', '2014210202'),
('杨盛莉', '2014210203', '女', 0, '0101407', '2014210203'),
('杨霞', '2014210205', '女', 0, '0101407', '2014210205'),
('江璐璐', '2014210207', '女', 0, '0101407', '2014210207'),
('王丹青', '2014210208', '女', 0, '0191401', '2014210208'),
('刘青', '2014210209', '女', 0, '0101407', '2014210209'),
('魏子延', '2014210210', '男', 0, '0191402', '2014210210'),
('韩弘祖', '2014210211', '男', 0, '0101407', '2014210211'),
('张天禄', '2014210212', '男', 0, '0191403', '2014210212'),
('王元生', '2014210213', '男', 0, '0101407', '2014210213'),
('褚轩', '2014210214', '男', 0, '0101407', '2014210214'),
('王宇凌', '2014210215', '男', 0, '0101407', '2014210215'),
('杨子毅', '2014210216', '男', 0, '0191401', '2014210216'),
('张春', '2014210218', '男', 0, '0101407', '2014210218'),
('王同普', '2014210219', '男', 0, '0191402', '2014210219'),
('赖加俊', '2014210220', '男', 0, '0101407', '2014210220'),
('陈旭', '2014210221', '男', 0, '0101407', '2014210221'),
('丁舒驰', '2014210222', '男', 0, '0191401', '2014210222'),
('朱文宾', '2014210223', '男', 0, '0101407', '2014210223'),
('傅健', '2014210224', '男', 0, '0191403', '2014210224'),
('倪志雄', '2014210225', '男', 0, '0101407', '2014210225'),
('卿琳', '2014210226', '男', 0, '0101407', '2014210226'),
('熊鑫', '2014210227', '男', 0, '0191401', '2014210227'),
('奉杰', '2014210228', '男', 0, '0101407', '2014210228'),
('张维翰', '2014210229', '男', 0, '0101407', '2014210229'),
('廖定杰', '2014210230', '男', 0, '0101407', '2014210230'),
('涂小海', '2014210231', '男', 0, '0101407', '2014210231'),
('王丽颖', '2014210232', '女', 0, '0101408', '2014210232'),
('孙嘉颍', '2014210233', '女', 0, '0101408', '2014210233'),
('蔡一铭', '2014210234', '女', 0, '0101408', '2014210234'),
('董楠楠', '2014210235', '女', 0, '0101408', '2014210235'),
('黄娜', '2014210236', '女', 0, '0101408', '2014210236'),
('许悦', '2014210237', '女', 0, '0101408', '2014210237'),
('肖雅妮', '2014210238', '女', 0, '0101408', '2014210238'),
('郝晶晶', '2014210239', '女', 0, '0101408', '2014210239'),
('余萍', '2014210240', '女', 0, '0101408', '2014210240'),
('刘芳岑', '2014210241', '女', 0, '0101408', '2014210241'),
('李小红', '2014210242', '女', 0, '0101408', '2014210242'),
('廖忠伟', '2014210243', '男', 0, '0101408', '2014210243'),
('伍信科', '2014210244', '男', 0, '0101408', '2014210244'),
('黄胜玉', '2014210245', '男', 0, '0101408', '2014210245'),
('李用骏', '2014210246', '男', 0, '0101408', '2014210246'),
('王径邦', '2014210247', '男', 0, '0101408', '2014210247'),
('付世通', '2014210249', '男', 0, '0101408', '2014210249'),
('戴志健', '2014210250', '男', 0, '0101408', '2014210250'),
('杨鑫源', '2014210251', '男', 0, '0101408', '2014210251'),
('汪成', '2014210252', '男', 0, '0191403', '2014210252'),
('邓二宇', '2014210253', '男', 0, '0101408', '2014210253'),
('王皓宇', '2014210254', '男', 0, '0101408', '2014210254'),
('胡炳昭', '2014210255', '男', 0, '0101408', '2014210255'),
('赵燕青', '2014210256', '男', 0, '0101408', '2014210256'),
('曾胤', '2014210257', '男', 0, '0191403', '2014210257'),
('桂阳', '2014210258', '男', 0, '0101408', '2014210258'),
('聂华川', '2014210259', '男', 0, '0101408', '2014210259'),
('吴嘉程', '2014210260', '男', 0, '0101408', '2014210260'),
('刘致远', '2014210261', '男', 0, '0101408', '2014210261'),
('秦浩', '2014210262', '男', 0, '0101408', '2014210262'),
('詹林翰', '2014210263', '男', 0, '0101408', '2014210263'),
('黄小力', '2014210264', '男', 0, '0101408', '2014210264'),
('刘晓雪', '2014210265', '女', 0, '0191402', '2014210265'),
('王晓燕', '2014210266', '女', 0, '0101409', '2014210266'),
('汪栗妃', '2014210267', '女', 0, '0101409', '2014210267'),
('周晨虹', '2014210268', '女', 0, '0101409', '2014210268'),
('谢馥如', '2014210269', '女', 0, '0101409', '2014210269'),
('彭黎薪', '2014210271', '女', 0, '0101409', '2014210271'),
('刘梦涵', '2014210274', '女', 0, '0101409', '2014210274'),
('杨修祥', '2014210275', '男', 0, '0101409', '2014210275'),
('张建城', '2014210276', '男', 0, '0101409', '2014210276'),
('王帅', '2014210277', '男', 0, '0101409', '2014210277'),
('张力文', '2014210278', '男', 0, '0101409', '2014210278'),
('翟森', '2014210279', '男', 0, '0191403', '2014210279'),
('高新东', '2014210280', '男', 0, '0101409', '2014210280'),
('于华兵', '2014210281', '男', 0, '0101409', '2014210281'),
('韩智博', '2014210282', '男', 0, '0101409', '2014210282'),
('郭炜', '2014210283', '男', 0, '0101409', '2014210283'),
('武通', '2014210284', '男', 0, '0101409', '2014210284'),
('梁泽乾', '2014210285', '男', 0, '0191403', '2014210285'),
('张波', '2014210286', '男', 0, '0101409', '2014210286'),
('李超', '2014210287', '男', 0, '0101409', '2014210287'),
('廖鑫', '2014210288', '男', 0, '0101409', '2014210288'),
('和华杰', '2014210289', '男', 0, '0101409', '2014210289'),
('唐清?', '2014210290', '男', 0, '0191403', '2014210290'),
('方世伟', '2014210291', '男', 0, '0101409', '2014210291'),
('冯渝强', '2014210292', '男', 0, '0101409', '2014210292'),
('何灵聪', '2014210293', '男', 0, '0101409', '2014210293'),
('余永坤', '2014210294', '男', 0, '0191401', '2014210294'),
('黎人齐', '2014210295', '男', 0, '0101409', '2014210295'),
('兰培珂', '2014210296', '男', 0, '0101409', '2014210296'),
('徐勤粟', '2014210297', '男', 0, '0101409', '2014210297'),
('赖悦欢', '2014210298', '女', 0, '0101410', '2014210298'),
('马利倩', '2014210299', '女', 0, '0101410', '2014210299'),
('易丽珍', '2014210300', '女', 0, '0101410', '2014210300'),
('武季婷', '2014210301', '女', 0, '0101410', '2014210301'),
('张丽萍', '2014210302', '女', 0, '0101410', '2014210302'),
('王云琦', '2014210303', '女', 0, '0101410', '2014210303'),
('陶春利', '2014210304', '女', 0, '0101410', '2014210304'),
('于萍', '2014210305', '女', 0, '0101410', '2014210305'),
('何本萍', '2014210306', '女', 0, '0101410', '2014210306'),
('夏志莉', '2014210307', '女', 0, '0101410', '2014210307'),
('刘玉超', '2014210308', '男', 0, '0101410', '2014210308'),
('颜佳林', '2014210309', '男', 0, '0101410', '2014210309'),
('黄观宇', '2014210310', '男', 0, '0101410', '2014210310'),
('胡凯', '2014210311', '男', 0, '0101410', '2014210311'),
('梁冰', '2014210312', '男', 0, '0101410', '2014210312'),
('沈军', '2014210313', '男', 0, '0101410', '2014210313'),
('张文良', '2014210314', '男', 0, '0101410', '2014210314'),
('朱硕星', '2014210315', '男', 0, '0101410', '2014210315'),
('万亚鹏', '2014210316', '男', 0, '0101410', '2014210316'),
('杨玉春', '2014210317', '男', 0, '0101410', '2014210317'),
('肖秩?', '2014210318', '男', 0, '0191403', '2014210318'),
('李远剑', '2014210319', '男', 0, '0101410', '2014210319'),
('程学理', '2014210320', '男', 0, '0101410', '2014210320'),
('王洪斌', '2014210321', '男', 0, '0101410', '2014210321'),
('浦若鹏', '2014210322', '男', 0, '0101410', '2014210322'),
('李铭翔', '2014210323', '男', 0, '0191401', '2014210323'),
('杨文帆', '2014210325', '男', 0, '0101410', '2014210325'),
('汤俊波', '2014210326', '男', 0, '0101410', '2014210326'),
('黄诗宇', '2014210327', '男', 0, '0101410', '2014210327'),
('张芸川', '2014210328', '男', 0, '0101410', '2014210328'),
('黄裕沣', '2014210329', '男', 0, '0101410', '2014210329'),
('王小刚', '2014210330', '男', 0, '0101410', '2014210330'),
('黄燕梅', '2014210331', '女', 0, '0191403', '2014210331'),
('徐鑫鑫', '2014210332', '女', 0, '0191403', '2014210332'),
('左颖敏', '2014210333', '女', 0, '0191402', '2014210333'),
('张洒', '2014210334', '女', 0, '0191403', '2014210334'),
('刘红', '2014210335', '女', 0, '0101411', '2014210335'),
('谭希琳', '2014210336', '女', 0, '0101411', '2014210336'),
('杨莉', '2014210337', '女', 0, '0191401', '2014210337'),
('杨露', '2014210338', '女', 0, '0101411', '2014210338'),
('曾于珊', '2014210339', '女', 0, '0191401', '2014210339'),
('袁欢欢', '2014210340', '女', 0, '0101411', '2014210340'),
('何迪原', '2014210341', '男', 0, '0101411', '2014210341'),
('林威', '2014210342', '男', 0, '0101411', '2014210342'),
('谢赛东', '2014210343', '男', 0, '0101411', '2014210343'),
('胡兴黔', '2014210344', '男', 0, '0101411', '2014210344'),
('郭朔呈', '2014210345', '男', 0, '0101411', '2014210345'),
('李智鹏', '2014210346', '男', 0, '0101411', '2014210346'),
('黄龙', '2014210347', '男', 0, '0101411', '2014210347'),
('卢旭', '2014210348', '男', 0, '0101411', '2014210348'),
('张立欢', '2014210349', '男', 0, '0101411', '2014210349'),
('韩昌军', '2014210350', '男', 0, '0101411', '2014210350'),
('姜汶志', '2014210351', '男', 0, '0191403', '2014210351'),
('王海洲', '2014210352', '男', 0, '0101411', '2014210352'),
('曹宇航', '2014210353', '男', 0, '0101411', '2014210353'),
('赵宏鹏', '2014210354', '男', 0, '0101411', '2014210354'),
('付剑川', '2014210355', '男', 0, '0101411', '2014210355'),
('唐浩', '2014210356', '男', 0, '0101411', '2014210356'),
('李荣', '2014210357', '男', 0, '0101411', '2014210357'),
('冉骏', '2014210358', '男', 0, '0101411', '2014210358'),
('谢东明', '2014210359', '男', 0, '0101411', '2014210359'),
('杨雨成', '2014210360', '男', 0, '0101411', '2014210360'),
('章宇', '2014210361', '男', 0, '0101411', '2014210361'),
('程昶', '2014210362', '男', 0, '0101411', '2014210362'),
('姚文杰', '2014210363', '男', 0, '0101411', '2014210363'),
('骆慧庭', '2014210364', '女', 0, '0101412', '2014210364'),
('蔡玉操', '2014210365', '女', 0, '0101412', '2014210365'),
('郭泰华', '2014210366', '女', 0, '0101412', '2014210366'),
('路荣荣', '2014210367', '女', 0, '0191403', '2014210367'),
('汪欣', '2014210368', '女', 0, '0191402', '2014210368'),
('王晓筱', '2014210369', '女', 0, '0101412', '2014210369'),
('郭又银', '2014210370', '女', 0, '0101412', '2014210370'),
('覃伟', '2014210371', '女', 0, '0101412', '2014210371'),
('曾紫薇', '2014210372', '女', 0, '0101412', '2014210372'),
('张敏', '2014210373', '女', 0, '0101412', '2014210373'),
('赵亚昕', '2014210374', '男', 0, '0101412', '2014210374'),
('郭达誉', '2014210376', '男', 0, '0191402', '2014210376'),
('李慕宇', '2014210378', '男', 0, '0191403', '2014210378'),
('王天润', '2014210379', '男', 0, '0101412', '2014210379'),
('黄季暄', '2014210380', '男', 0, '0101412', '2014210380'),
('周建宇', '2014210381', '男', 0, '0101412', '2014210381'),
('杨一夫', '2014210382', '男', 0, '0101412', '2014210382'),
('李兆祥', '2014210383', '男', 0, '0101412', '2014210383'),
('汤磊', '2014210384', '男', 0, '0191403', '2014210384'),
('万磊', '2014210385', '男', 0, '0101412', '2014210385'),
('吴?弘', '2014210386', '男', 0, '0101412', '2014210386'),
('董晓林', '2014210387', '男', 0, '0101412', '2014210387'),
('杨键', '2014210388', '男', 0, '0101412', '2014210388'),
('范航', '2014210390', '男', 0, '0101412', '2014210390'),
('蒲俊忠', '2014210391', '男', 0, '0101412', '2014210391'),
('叶培明', '2014210392', '男', 0, '0191401', '2014210392'),
('张于豪', '2014210393', '男', 0, '0101412', '2014210393'),
('马柯伽', '2014210394', '男', 0, '0191401', '2014210394'),
('彭??', '2014210395', '男', 0, '0101412', '2014210395'),
('林梦莹', '2014210396', '女', 0, '0101413', '2014210396'),
('赵新雨', '2014210397', '女', 0, '0191403', '2014210397'),
('姚佳敏', '2014210398', '女', 0, '0101413', '2014210398'),
('李雪妍', '2014210399', '女', 0, '0191403', '2014210399'),
('彭玉婷', '2014210400', '女', 0, '0101413', '2014210400'),
('陈静', '2014210401', '女', 0, '0191402', '2014210401'),
('周丽', '2014210402', '女', 0, '0101413', '2014210402'),
('关燕', '2014210403', '女', 0, '0101413', '2014210403'),
('吴文静', '2014210404', '女', 0, '0101413', '2014210404'),
('骆晓娟', '2014210405', '女', 0, '0101413', '2014210405'),
('程磊', '2014210406', '男', 0, '0101413', '2014210406'),
('林展翔', '2014210407', '男', 0, '0191402', '2014210407'),
('杨兆锋', '2014210408', '男', 0, '0101413', '2014210408'),
('晏飞扬', '2014210409', '男', 0, '0101413', '2014210409'),
('刘昊', '2014210410', '男', 0, '0101413', '2014210410'),
('黄家齐', '2014210411', '男', 0, '0191403', '2014210411'),
('刘俊杰', '2014210412', '男', 0, '0191402', '2014210412'),
('张珩', '2014210413', '男', 0, '0101413', '2014210413'),
('沈博潇', '2014210414', '男', 0, '0101413', '2014210414'),
('祝超群', '2014210415', '男', 0, '0191401', '2014210415'),
('徐鹏', '2014210416', '男', 0, '0101413', '2014210416'),
('段若天', '2014210417', '男', 0, '0101413', '2014210417'),
('袁中行', '2014210418', '男', 0, '0101413', '2014210418'),
('潘鑫', '2014210419', '男', 0, '0191402', '2014210419'),
('申屠敏健', '2014210420', '男', 0, '0101413', '2014210420'),
('雷援杰', '2014210421', '男', 0, '0101413', '2014210421'),
('陈定坤', '2014210422', '男', 0, '0101413', '2014210422'),
('孙涛', '2014210423', '男', 0, '0101413', '2014210423'),
('席浩', '2014210424', '男', 0, '0101413', '2014210424'),
('蒋艺豪', '2014210425', '男', 0, '0101413', '2014210425'),
('朱浩', '2014210426', '男', 0, '0101413', '2014210426'),
('余勇波', '2014210427', '男', 0, '0101413', '2014210427'),
('杨迁', '2014210428', '女', 0, '0101414', '2014210428'),
('王雪晴', '2014210429', '女', 0, '0101414', '2014210429'),
('孙芙蓉', '2014210430', '女', 0, '0101414', '2014210430'),
('贺雪梅', '2014210431', '女', 0, '0191403', '2014210431'),
('李晗琳', '2014210432', '女', 0, '0101414', '2014210432'),
('李娟', '2014210433', '女', 0, '0101414', '2014210433'),
('张兰秋月', '2014210434', '女', 0, '0191401', '2014210434'),
('马莉娜', '2014210435', '女', 0, '0101414', '2014210435'),
('陈凤', '2014210436', '女', 0, '0101414', '2014210436'),
('白鑫宇', '2014210437', '女', 0, '0101414', '2014210437'),
('唐德胜', '2014210438', '男', 0, '0191402', '2014210438'),
('李宗强', '2014210439', '男', 0, '0191402', '2014210439'),
('连焕佳', '2014210440', '男', 0, '0191402', '2014210440'),
('张豪', '2014210441', '男', 0, '0101414', '2014210441'),
('陈思捷', '2014210442', '男', 0, '0191402', '2014210442'),
('骆飞', '2014210443', '男', 0, '0191403', '2014210443'),
('温顺杰', '2014210444', '男', 0, '0191403', '2014210444'),
('陈子琰', '2014210445', '男', 0, '0101414', '2014210445'),
('廖鹏', '2014210446', '男', 0, '0101414', '2014210446'),
('谭新', '2014210447', '男', 0, '0101414', '2014210447'),
('张帅', '2014210448', '男', 0, '0191403', '2014210448'),
('谭皓', '2014210449', '男', 0, '0191401', '2014210449'),
('王贵龙', '2014210451', '男', 0, '0191401', '2014210451'),
('赵嘉楠', '2014210452', '男', 0, '0101414', '2014210452'),
('陈昱帆', '2014210453', '男', 0, '0101414', '2014210453'),
('陈俊伊', '2014210454', '男', 0, '0191401', '2014210454'),
('李健川', '2014210455', '男', 0, '0101414', '2014210455'),
('李文森', '2014210456', '男', 0, '0101414', '2014210456'),
('谭力山', '2014210457', '男', 0, '0101414', '2014210457'),
('何彦琦', '2014210458', '男', 0, '0101414', '2014210458'),
('张文成', '2014210459', '男', 0, '0101414', '2014210459'),
('李轶玮', '2014210460', '女', 0, '0101415', '2014210460'),
('胡蕾雅', '2014210461', '女', 0, '0101415', '2014210461'),
('张莉雯', '2014210462', '女', 0, '0101415', '2014210462'),
('朱丹青', '2014210463', '女', 0, '0101415', '2014210463'),
('朱姗', '2014210464', '女', 0, '0101415', '2014210464'),
('庄娴', '2014210465', '女', 0, '0101415', '2014210465'),
('刘嘉', '2014210466', '女', 0, '0101415', '2014210466'),
('黄华', '2014210467', '女', 0, '0101415', '2014210467'),
('唐栀馨', '2014210468', '女', 0, '0101415', '2014210468'),
('张月', '2014210469', '女', 0, '0101415', '2014210469'),
('谢煜', '2014210471', '男', 0, '0101415', '2014210471'),
('王家峰', '2014210473', '男', 0, '0191402', '2014210473'),
('刘子煜', '2014210474', '男', 0, '0101415', '2014210474'),
('李翌昕', '2014210475', '男', 0, '0191402', '2014210475'),
('王竞翔', '2014210476', '男', 0, '0101415', '2014210476'),
('樊阳', '2014210477', '男', 0, '0101415', '2014210477'),
('邱健', '2014210478', '男', 0, '0101415', '2014210478'),
('宋东兴', '2014210479', '男', 0, '0101415', '2014210479'),
('李佳鑫', '2014210480', '男', 0, '0101415', '2014210480'),
('张凡', '2014210481', '男', 0, '0101415', '2014210481'),
('林剑夷', '2014210482', '男', 0, '0101415', '2014210482'),
('栾志辉', '2014210483', '男', 0, '0101415', '2014210483'),
('何远舟', '2014210484', '男', 0, '0101415', '2014210484'),
('喻秋峰', '2014210485', '男', 0, '0101415', '2014210485'),
('唐帅', '2014210487', '男', 0, '0101415', '2014210487'),
('周镇逸', '2014210488', '男', 0, '0101415', '2014210488'),
('姚登科', '2014210489', '男', 0, '0101415', '2014210489'),
('杨海生', '2014210490', '男', 0, '0101415', '2014210490'),
('彭泽军', '2014210491', '男', 0, '0101415', '2014210491'),
('汤健梅', '2014210492', '女', 0, '0101416', '2014210492'),
('张越', '2014210493', '女', 0, '0101416', '2014210493'),
('蒲欣', '2014210494', '女', 0, '0101416', '2014210494'),
('段玲', '2014210495', '女', 0, '0101416', '2014210495'),
('魏靖宜', '2014210496', '女', 0, '0101416', '2014210496'),
('王萱', '2014210497', '女', 0, '0191403', '2014210497'),
('赵鑫', '2014210498', '女', 0, '0101416', '2014210498'),
('张碧', '2014210499', '女', 0, '0101416', '2014210499'),
('喻倩', '2014210500', '女', 0, '0101416', '2014210500'),
('王爽', '2014210501', '女', 0, '0101416', '2014210501'),
('郑其坤', '2014210502', '男', 0, '0101416', '2014210502'),
('盛学诚', '2014210503', '男', 0, '0101416', '2014210503'),
('张杰', '2014210504', '男', 0, '0191403', '2014210504'),
('吴锐', '2014210505', '男', 0, '0101416', '2014210505'),
('谢玉凯', '2014210506', '男', 0, '0101416', '2014210506'),
('高权奥', '2014210507', '男', 0, '0191402', '2014210507'),
('周宇明', '2014210508', '男', 0, '0191403', '2014210508'),
('王福海', '2014210509', '男', 0, '0101416', '2014210509'),
('姚远', '2014210510', '男', 0, '0101416', '2014210510'),
('郭方', '2014210511', '男', 0, '0191403', '2014210511'),
('陈京', '2014210512', '男', 0, '0101416', '2014210512'),
('胡峻玮', '2014210513', '男', 0, '0191403', '2014210513'),
('蔡庆', '2014210514', '男', 0, '0191401', '2014210514'),
('魏飞', '2014210515', '男', 0, '0101416', '2014210515'),
('孙福赞', '2014210516', '男', 0, '0101416', '2014210516'),
('张浩炜', '2014210517', '男', 0, '0191403', '2014210517'),
('李建明', '2014210518', '男', 0, '0101416', '2014210518'),
('张益明', '2014210519', '男', 0, '0101416', '2014210519'),
('王滔', '2014210520', '男', 0, '0101416', '2014210520'),
('潘银春', '2014210521', '男', 0, '0101416', '2014210521'),
('谢江航', '2014210522', '男', 0, '0101416', '2014210522'),
('向星昊', '2014210523', '男', 0, '0101416', '2014210523'),
('敖初妍', '2014210557', '女', 0, '0101413', '2014210557'),
('杜博文', '2014210709', '女', 0, '0101401', '2014210709'),
('陈园园', '2014210739', '女', 0, '0101401', '2014210739'),
('杨苑青', '2014211058', '女', 0, '0101401', '2014211058'),
('岳紫颖', '2014211088', '女', 0, '0101401', '2014211088'),
('文言', '2014211126', '女', 0, '0101405', '2014211126'),
('刘亚', '2014211238', '男', 0, '0101414', '2014211238'),
('周颖', '2014211250', '女', 0, '0101416', '2014211250'),
('陈鸿娟', '2014211287', '女', 0, '0101412', '2014211287'),
('李振卓', '2014211301', '男', 0, '0101401', '2014211301'),
('陈雅舒', '2014211739', '女', 0, '0101412', '2014211739'),
('马枢清', '2014211810', '女', 0, '0101416', '2014211810'),
('樊小畅', '2014211811', '女', 0, '0101413', '2014211811'),
('吴雨', '2014211812', '女', 0, '0101416', '2014211812'),
('杜代忠', '2014212031', '男', 0, '0101412', '2014212031'),
('张烨平', '2014212061', '男', 0, '0101413', '2014212061'),
('刘佳', '2014212091', '男', 0, '0101401', '2014212091'),
('刘炼', '2014212106', '男', 0, '0101414', '2014212106'),
('丁奥', '2014212130', '男', 0, '0101407', '2014212130'),
('檀天涵', '2014212154', '男', 0, '0101405', '2014212154'),
('夏磊', '2014212195', '男', 0, '0101412', '2014212195'),
('程晨', '2014212207', '女', 0, '0101405', '2014212207'),
('包训刚', '2014212371', '男', 0, '0101414', '2014212371'),
('朱鹏', '2014212430', '男', 0, '0101407', '2014212430'),
('杨瑾', '2014212436', '女', 0, '0101414', '2014212436'),
('张佳伟', '2014212481', '男', 0, '0101401', '2014212481'),
('朱跃方', '2014212504', '女', 0, '0101401', '2014212504'),
('洪卓呈', '2014212571', '女', 0, '0101414', '2014212571'),
('赵本田', '2014212752', '男', 0, '0101407', '2014212752'),
('张志', '2014212757', '男', 0, '0101414', '2014212757'),
('肖西梅', '2014212810', '女', 0, '0101413', '2014212810'),
('罗斌', '2014212853', '男', 0, '0101413', '2014212853'),
('庞人山', '2014212855', '男', 0, '0101416', '2014212855'),
('王恺', '2014213000', '女', 0, '0101407', '2014213000'),
('曾辉', '2014213019', '男', 0, '0101407', '2014213019'),
('郭群强', '2014213068', '男', 0, '0101407', '2014213068'),
('李志奇', '2014213098', '男', 0, '0101416', '2014213098'),
('任超', '2014213107', '男', 0, '0101414', '2014213107'),
('赵荣鑫', '2014213112', '男', 0, '0101405', '2014213112'),
('张强', '2014214335', '男', 0, '0101407', '2014214335'),
('陈怡西', '2014214374', '女', 0, '0101407', '2014214374'),
('杨维新', '2014214394', '男', 0, '0101412', '2014214394'),
('陈作', '2014214571', '男', 0, '0101404', '2014214571'),
('李海楠', '2015210003', '男', 0, '01141501', '2015210003'),
('黄思翔', '2015210004', '男', 0, '01141501', '2015210004'),
('胡定昊', '2015210006', '男', 0, '01141501', '2015210006'),
('李纯', '2015210007', '男', 0, '01141501', '2015210007'),
('杜剑峰', '2015210008', '男', 0, '01141501', '2015210008'),
('熊一谦', '2015210012', '男', 0, '01141501', '2015210012'),
('彭宇', '2015210013', '男', 0, '01141501', '2015210013'),
('周楚航', '2015210014', '男', 0, '01141501', '2015210014'),
('吉星熹', '2015210017', '男', 0, '01141501', '2015210017'),
('程曦', '2015210018', '男', 0, '01141501', '2015210018'),
('吴文陶', '2015210019', '男', 0, '01141501', '2015210019'),
('胡强', '2015210020', '男', 0, '01141501', '2015210020'),
('吴天伟', '2015210021', '男', 0, '01141501', '2015210021'),
('高亮', '2015210022', '男', 0, '01141501', '2015210022'),
('程锡培', '2015210023', '男', 0, '01141501', '2015210023'),
('杨鹏', '2015210024', '男', 0, '01141501', '2015210024'),
('犹鑫', '2015210025', '男', 0, '01141501', '2015210025'),
('范嘉辉', '2015210026', '男', 0, '01141501', '2015210026'),
('张哲嘉', '2015210027', '男', 0, '01141501', '2015210027'),
('王铮', '2015210028', '男', 0, '01141501', '2015210028'),
('程禄丰', '2015210029', '男', 0, '01141501', '2015210029'),
('杨航', '2015210030', '男', 0, '01141501', '2015210030'),
('吴欣欣', '2015210031', '女', 0, '01141501', '2015210031'),
('马玉丹', '2015210033', '女', 0, '01141501', '2015210033'),
('任可心', '2015210035', '女', 0, '01141501', '2015210035'),
('刘昕?', '2015210037', '女', 0, '01141501', '2015210037'),
('钟雨君', '2015210038', '女', 0, '01141501', '2015210038'),
('李丽', '2015210039', '女', 0, '01141501', '2015210039'),
('彭灿', '2015210040', '女', 0, '01141501', '2015210040'),
('范中源', '2015210041', '女', 0, '01141501', '2015210041'),
('吴思莹', '2015210042', '女', 0, '01141501', '2015210042'),
('郑修文', '2015210043', '男', 0, '01141502', '2015210043'),
('肖泽平', '2015210044', '男', 0, '01141502', '2015210044'),
('刘浩杰', '2015210045', '男', 0, '01141502', '2015210045'),
('吴越', '2015210049', '男', 0, '01141502', '2015210049'),
('陈明', '2015210050', '男', 0, '01141502', '2015210050'),
('柯昌浩', '2015210051', '男', 0, '01141502', '2015210051'),
('李云杰', '2015210053', '男', 0, '01141502', '2015210053'),
('袁瑞', '2015210054', '男', 0, '01141502', '2015210054'),
('刘言', '2015210055', '男', 0, '01141502', '2015210055'),
('单飞宇', '2015210056', '男', 0, '01141502', '2015210056'),
('卢思宏', '2015210059', '男', 0, '01141502', '2015210059'),
('刘灿', '2015210060', '男', 0, '01141502', '2015210060'),
('贺杨洪', '2015210061', '男', 0, '01141502', '2015210061'),
('傅安民', '2015210062', '男', 0, '01141502', '2015210062'),
('莫祥浩', '2015210063', '男', 0, '01141502', '2015210063'),
('李松', '2015210064', '男', 0, '01141502', '2015210064'),
('尚炳呈', '2015210065', '男', 0, '01141502', '2015210065'),
('王志', '2015210066', '男', 0, '01141502', '2015210066'),
('宋浩南', '2015210067', '男', 0, '01141502', '2015210067'),
('向晋钱', '2015210068', '男', 0, '01141502', '2015210068'),
('刘东坡', '2015210069', '男', 0, '01141502', '2015210069'),
('刘广敏', '2015210070', '男', 0, '01141502', '2015210070'),
('邓?铭', '2015210071', '男', 0, '01141502', '2015210071'),
('邹政', '2015210072', '男', 0, '01141502', '2015210072'),
('李羿莹', '2015210077', '女', 0, '01141502', '2015210077'),
('何梅', '2015210079', '女', 0, '01141502', '2015210079'),
('刘露花', '2015210080', '女', 0, '01141502', '2015210080'),
('解诗娟', '2015210081', '女', 0, '01141502', '2015210081'),
('舒凡一', '2015210082', '女', 0, '01141502', '2015210082'),
('谭阳', '2015210083', '女', 0, '01141502', '2015210083'),
('严沁春', '2015210084', '女', 0, '01141502', '2015210084'),
('陈东航', '2015210086', '男', 0, '01141503', '2015210086'),
('张威', '2015210087', '男', 0, '01141503', '2015210087'),
('易剑锋', '2015210088', '男', 0, '01141503', '2015210088'),
('苏海超', '2015210091', '男', 0, '01141503', '2015210091'),
('任帆', '2015210094', '男', 0, '01141503', '2015210094'),
('周极', '2015210096', '男', 0, '01141503', '2015210096'),
('杨杰', '2015210097', '男', 0, '01141503', '2015210097'),
('朱良伟', '2015210098', '男', 0, '01141503', '2015210098'),
('易祖政', '2015210099', '男', 0, '01141503', '2015210099'),
('杨贵钦', '2015210101', '男', 0, '01141503', '2015210101'),
('余扬', '2015210102', '男', 0, '01141503', '2015210102'),
('刘颖', '2015210103', '男', 0, '01141503', '2015210103'),
('安鑫', '2015210104', '男', 0, '01141503', '2015210104'),
('周渝阳', '2015210105', '男', 0, '01141503', '2015210105'),
('何理', '2015210106', '男', 0, '01141503', '2015210106'),
('袁圣东', '2015210107', '男', 0, '01141503', '2015210107'),
('张松', '2015210108', '男', 0, '01141503', '2015210108'),
('吴航', '2015210109', '男', 0, '01141503', '2015210109'),
('荣安珉', '2015210110', '男', 0, '01141503', '2015210110'),
('卜小鱼', '2015210111', '男', 0, '01141503', '2015210111'),
('何植', '2015210113', '男', 0, '01141503', '2015210113'),
('谭望', '2015210114', '男', 0, '01141503', '2015210114'),
('赵泽桐', '2015210115', '女', 0, '01141503', '2015210115'),
('黄美永', '2015210116', '女', 0, '01141503', '2015210116'),
('许祥娟', '2015210117', '女', 0, '01141503', '2015210117'),
('伍怡', '2015210118', '女', 0, '01141503', '2015210118'),
('冯雪', '2015210119', '女', 0, '01141503', '2015210119'),
('唐红', '2015210120', '女', 0, '01141503', '2015210120'),
('李兰', '2015210121', '女', 0, '01141503', '2015210121'),
('赵雪君', '2015210122', '女', 0, '01141503', '2015210122'),
('佘媛', '2015210123', '女', 0, '01141503', '2015210123'),
('姜雪', '2015210124', '女', 0, '01141503', '2015210124'),
('陈玄', '2015210125', '女', 0, '01141503', '2015210125'),
('刘玉莲', '2015210126', '女', 0, '01141503', '2015210126'),
('周天崇', '2015210127', '男', 0, '01141504', '2015210127'),
('赵彬旋', '2015210128', '男', 0, '01141504', '2015210128'),
('李远乐', '2015210129', '男', 0, '01141504', '2015210129'),
('杨忠宇', '2015210130', '男', 0, '01141504', '2015210130'),
('刘乃彬', '2015210131', '男', 0, '01141504', '2015210131'),
('彭翔宇', '2015210133', '男', 0, '01141504', '2015210133'),
('刘坤', '2015210134', '男', 0, '01141504', '2015210134'),
('陈慧鑫', '2015210135', '男', 0, '01141504', '2015210135'),
('杨鑫玄', '2015210136', '男', 0, '01141504', '2015210136'),
('刘汝桥', '2015210137', '男', 0, '01141504', '2015210137'),
('曾柏云', '2015210138', '男', 0, '01141504', '2015210138'),
('宁博', '2015210139', '男', 0, '01141504', '2015210139'),
('李懿新', '2015210140', '男', 0, '01141504', '2015210140'),
('陈佳豪', '2015210141', '男', 0, '01141504', '2015210141'),
('邓普普', '2015210143', '男', 0, '01141504', '2015210143'),
('胡雷', '2015210144', '男', 0, '01141504', '2015210144'),
('张帅', '2015210145', '男', 0, '01141504', '2015210145'),
('申毅', '2015210146', '男', 0, '01141504', '2015210146'),
('韦城成', '2015210147', '男', 0, '01141504', '2015210147'),
('汪林', '2015210148', '男', 0, '01141504', '2015210148'),
('刘晗', '2015210149', '男', 0, '01141504', '2015210149'),
('陈朗', '2015210150', '男', 0, '01141504', '2015210150'),
('张欢', '2015210151', '男', 0, '01141504', '2015210151'),
('周明剑', '2015210152', '男', 0, '01141504', '2015210152'),
('张曦镱', '2015210153', '男', 0, '01141504', '2015210153'),
('李为杰', '2015210154', '男', 0, '01141504', '2015210154'),
('彭军令', '2015210155', '男', 0, '01141504', '2015210155'),
('任秋林', '2015210156', '男', 0, '01141504', '2015210156'),
('饶晓雪', '2015210158', '女', 0, '01141504', '2015210158'),
('郝思媛', '2015210159', '女', 0, '01141504', '2015210159'),
('彭佳欣', '2015210161', '女', 0, '01141504', '2015210161'),
('张霞', '2015210162', '女', 0, '01141504', '2015210162'),
('张馨月', '2015210163', '女', 0, '01141504', '2015210163'),
('刘婷婷', '2015210164', '女', 0, '01141504', '2015210164'),
('许曦月', '2015210165', '女', 0, '01141504', '2015210165'),
('何静', '2015210166', '女', 0, '01141504', '2015210166'),
('于雯瑛', '2015210167', '女', 0, '01141504', '2015210167'),
('邢春玲', '2015210168', '女', 0, '01141504', '2015210168'),
('刘义珂', '2015210169', '男', 0, '01141505', '2015210169'),
('龚浩铭', '2015210170', '男', 0, '01141505', '2015210170'),
('黄宇鹏', '2015210171', '男', 0, '01141505', '2015210171'),
('雷进', '2015210172', '男', 0, '01141505', '2015210172'),
('陈尚君', '2015210175', '男', 0, '01141505', '2015210175'),
('朱奎正', '2015210176', '男', 0, '01141505', '2015210176'),
('夏宇', '2015210177', '男', 0, '01141505', '2015210177'),
('鲁森', '2015210178', '男', 0, '01141505', '2015210178'),
('蒲昊', '2015210179', '男', 0, '01141505', '2015210179'),
('钟葛飞', '2015210180', '男', 0, '01141505', '2015210180'),
('胡晓天', '2015210182', '男', 0, '01141505', '2015210182');
INSERT INTO `student` (`student_name`, `student_ID`, `student_sex`, `student_age`, `student_class_no`, `student_password`) VALUES
('熊越', '2015210183', '男', 0, '01141505', '2015210183'),
('何鑫浩', '2015210185', '男', 0, '01141505', '2015210185'),
('陈杰', '2015210186', '男', 0, '01141505', '2015210186'),
('张胜楠', '2015210187', '男', 0, '01141505', '2015210187'),
('谭淇钟', '2015210188', '男', 0, '01141505', '2015210188'),
('何鑫宇', '2015210189', '男', 0, '01141505', '2015210189'),
('王源林', '2015210190', '男', 0, '01141505', '2015210190'),
('向子豪', '2015210191', '男', 0, '01141505', '2015210191'),
('曾芳林', '2015210192', '男', 0, '01141505', '2015210192'),
('张庆雨', '2015210193', '男', 0, '01141505', '2015210193'),
('何林桐', '2015210194', '男', 0, '01141505', '2015210194'),
('唐辉', '2015210195', '男', 0, '01141505', '2015210195'),
('杨兴宇', '2015210196', '男', 0, '01141505', '2015210196'),
('蒋磊', '2015210197', '男', 0, '01141505', '2015210197'),
('王焱珑', '2015210198', '男', 0, '01141505', '2015210198'),
('舒雨红', '2015210200', '女', 0, '01141505', '2015210200'),
('吴雨潼', '2015210202', '女', 0, '01141505', '2015210202'),
('李文文', '2015210204', '女', 0, '01141505', '2015210204'),
('黄亚', '2015210205', '女', 0, '01141505', '2015210205'),
('夏明露', '2015210206', '女', 0, '01141505', '2015210206'),
('唐远渝', '2015210207', '女', 0, '01141505', '2015210207'),
('陈念', '2015210208', '女', 0, '01141505', '2015210208'),
('王晓红', '2015210209', '女', 0, '01141505', '2015210209'),
('江宇玲', '2015210210', '女', 0, '01141505', '2015210210'),
('吴洋博', '2015210211', '男', 0, '01141506', '2015210211'),
('曹晓博', '2015210212', '男', 0, '01141506', '2015210212'),
('牛志远', '2015210213', '男', 0, '01141506', '2015210213'),
('周旭', '2015210214', '男', 0, '01141506', '2015210214'),
('邹家喜', '2015210218', '男', 0, '01141506', '2015210218'),
('钱琪东', '2015210219', '男', 0, '01141506', '2015210219'),
('赵?', '2015210220', '男', 0, '01141506', '2015210220'),
('吴利伟', '2015210221', '男', 0, '01141506', '2015210221'),
('罗淋益', '2015210222', '男', 0, '01141506', '2015210222'),
('张成', '2015210223', '男', 0, '01141506', '2015210223'),
('张冰彬', '2015210225', '男', 0, '01141506', '2015210225'),
('潘俊', '2015210226', '男', 0, '01141506', '2015210226'),
('张宇航', '2015210227', '男', 0, '01141506', '2015210227'),
('陈柄权', '2015210228', '男', 0, '01141506', '2015210228'),
('任青松', '2015210229', '男', 0, '01141506', '2015210229'),
('王映植', '2015210230', '男', 0, '01141506', '2015210230'),
('张子杰', '2015210231', '男', 0, '01141506', '2015210231'),
('高小明', '2015210232', '男', 0, '01141506', '2015210232'),
('孙豪', '2015210233', '男', 0, '01141506', '2015210233'),
('范新渝', '2015210234', '男', 0, '01141506', '2015210234'),
('文淳', '2015210235', '男', 0, '01141506', '2015210235'),
('刘帅', '2015210236', '男', 0, '01141506', '2015210236'),
('张飞龙', '2015210237', '男', 0, '01141506', '2015210237'),
('杜飞', '2015210238', '男', 0, '01141506', '2015210238'),
('刘长青', '2015210239', '男', 0, '01141506', '2015210239'),
('高小锋', '2015210240', '男', 0, '01141506', '2015210240'),
('毕雪', '2015210242', '女', 0, '01141506', '2015210242'),
('李良群', '2015210244', '女', 0, '01141506', '2015210244'),
('程南茜', '2015210245', '女', 0, '01141506', '2015210245'),
('余苹林', '2015210246', '女', 0, '01141506', '2015210246'),
('杨瑞', '2015210247', '女', 0, '01141506', '2015210247'),
('舒银', '2015210248', '女', 0, '01141506', '2015210248'),
('秦铃', '2015210249', '女', 0, '01141506', '2015210249'),
('周瑾', '2015210250', '女', 0, '01141506', '2015210250'),
('任杰', '2015210251', '女', 0, '01141506', '2015210251'),
('罗丹', '2015210252', '女', 0, '01141506', '2015210252'),
('翟祥', '2015210253', '男', 0, '01141507', '2015210253'),
('陈俊宁', '2015210255', '男', 0, '01141507', '2015210255'),
('任承?', '2015210256', '男', 0, '01141507', '2015210256'),
('邢展铭', '2015210259', '男', 0, '01141507', '2015210259'),
('汤火火', '2015210260', '男', 0, '01141507', '2015210260'),
('冯星宇', '2015210261', '男', 0, '01141507', '2015210261'),
('高翌轩', '2015210262', '男', 0, '01141507', '2015210262'),
('高书陶', '2015210263', '男', 0, '01141507', '2015210263'),
('熊得君', '2015210264', '男', 0, '01141507', '2015210264'),
('杨永波', '2015210265', '男', 0, '01141507', '2015210265'),
('冉家乐', '2015210267', '男', 0, '01141507', '2015210267'),
('周涛', '2015210269', '男', 0, '01141507', '2015210269'),
('张兴锐', '2015210270', '男', 0, '01141507', '2015210270'),
('吴仕帅', '2015210271', '男', 0, '01141507', '2015210271'),
('李成林', '2015210272', '男', 0, '01141507', '2015210272'),
('周家豪', '2015210273', '男', 0, '01141507', '2015210273'),
('张鑫', '2015210274', '男', 0, '01141507', '2015210274'),
('莫刚', '2015210275', '男', 0, '01141507', '2015210275'),
('张维春', '2015210276', '男', 0, '01141507', '2015210276'),
('罗冰', '2015210277', '男', 0, '01141507', '2015210277'),
('殷靖栩', '2015210278', '男', 0, '01141507', '2015210278'),
('朱凯军', '2015210279', '男', 0, '01141507', '2015210279'),
('白芮豪', '2015210280', '男', 0, '01141507', '2015210280'),
('陶?宇', '2015210281', '男', 0, '01141507', '2015210281'),
('宋姝?', '2015210283', '女', 0, '01141507', '2015210283'),
('杨雪洁', '2015210284', '女', 0, '01141507', '2015210284'),
('李莹', '2015210285', '女', 0, '01141507', '2015210285'),
('柏雪', '2015210286', '女', 0, '01141507', '2015210286'),
('唐巧', '2015210288', '女', 0, '01141507', '2015210288'),
('何娟', '2015210289', '女', 0, '01141507', '2015210289'),
('黄丽', '2015210290', '女', 0, '01141507', '2015210290'),
('李欣益', '2015210291', '女', 0, '01141507', '2015210291'),
('周雪梅', '2015210292', '女', 0, '01141507', '2015210292'),
('陈敏', '2015210293', '女', 0, '01141507', '2015210293'),
('郑琨', '2015210295', '男', 0, '01141508', '2015210295'),
('郑烘尧', '2015210296', '男', 0, '01141508', '2015210296'),
('吴劭', '2015210297', '男', 0, '01141508', '2015210297'),
('陈立豪', '2015210298', '男', 0, '01141508', '2015210298'),
('程志伟', '2015210301', '男', 0, '01141508', '2015210301'),
('庄增鑫', '2015210302', '男', 0, '01141508', '2015210302'),
('齐李洵', '2015210303', '男', 0, '01141508', '2015210303'),
('邓哲文', '2015210304', '男', 0, '01141508', '2015210304'),
('熊志强', '2015210305', '男', 0, '01141508', '2015210305'),
('吴宇杰', '2015210308', '男', 0, '01141508', '2015210308'),
('陈杰', '2015210309', '男', 0, '01141508', '2015210309'),
('廖吉子', '2015210310', '男', 0, '01141508', '2015210310'),
('涂世超', '2015210311', '男', 0, '01141508', '2015210311'),
('曹露', '2015210312', '男', 0, '01141508', '2015210312'),
('方欢', '2015210313', '男', 0, '01141508', '2015210313'),
('谭新', '2015210314', '男', 0, '01141508', '2015210314'),
('游鹏', '2015210315', '男', 0, '01141508', '2015210315'),
('冉粤平', '2015210316', '男', 0, '01141508', '2015210316'),
('张枭', '2015210317', '男', 0, '01141508', '2015210317'),
('邓博文', '2015210318', '男', 0, '01141508', '2015210318'),
('刘李玮玮', '2015210319', '男', 0, '01141508', '2015210319'),
('范永陈', '2015210320', '男', 0, '01141508', '2015210320'),
('唐伟诚', '2015210321', '男', 0, '01141508', '2015210321'),
('罗尧', '2015210322', '男', 0, '01141508', '2015210322'),
('黄亚芸', '2015210323', '女', 0, '01141508', '2015210323'),
('董璐', '2015210325', '女', 0, '01141508', '2015210325'),
('黄晨曦', '2015210326', '女', 0, '01141508', '2015210326'),
('肖寒', '2015210327', '女', 0, '01141508', '2015210327'),
('刘艺琳', '2015210328', '女', 0, '01141508', '2015210328'),
('唐梦琪', '2015210329', '女', 0, '01141508', '2015210329'),
('王雪松', '2015210330', '女', 0, '01141508', '2015210330'),
('陈瑶', '2015210331', '女', 0, '01141508', '2015210331'),
('谢霜', '2015210332', '女', 0, '01141508', '2015210332'),
('冯静', '2015210333', '女', 0, '01141508', '2015210333'),
('邓莉', '2015210334', '女', 0, '01141508', '2015210334'),
('钱赵荣', '2015210335', '男', 0, '01141509', '2015210335'),
('杨家鑫', '2015210336', '男', 0, '01141509', '2015210336'),
('蔡亦祥', '2015210338', '男', 0, '01141509', '2015210338'),
('穆成浩', '2015210339', '男', 0, '01141509', '2015210339'),
('吴涛', '2015210341', '男', 0, '01141509', '2015210341'),
('叶成林', '2015210342', '男', 0, '01141509', '2015210342'),
('张天峰', '2015210343', '男', 0, '01141509', '2015210343'),
('黄迪', '2015210344', '男', 0, '01141509', '2015210344'),
('张嘉伟', '2015210345', '男', 0, '01141509', '2015210345'),
('李明徽', '2015210346', '男', 0, '01141509', '2015210346'),
('王易培', '2015210348', '男', 0, '01141509', '2015210348'),
('鲁信君', '2015210350', '男', 0, '01141509', '2015210350'),
('刘青春', '2015210352', '男', 0, '01141509', '2015210352'),
('梅璨', '2015210353', '男', 0, '01141509', '2015210353'),
('贺权全', '2015210354', '男', 0, '01141509', '2015210354'),
('杨周', '2015210355', '男', 0, '01141509', '2015210355'),
('蒋平', '2015210356', '男', 0, '01141509', '2015210356'),
('赵柯云', '2015210357', '男', 0, '01141509', '2015210357'),
('秦万', '2015210358', '男', 0, '01141509', '2015210358'),
('文豪', '2015210359', '男', 0, '01141509', '2015210359'),
('龙巍', '2015210360', '男', 0, '01141509', '2015210360'),
('张荣坤', '2015210361', '男', 0, '01141509', '2015210361'),
('杨小珑', '2015210362', '男', 0, '01141509', '2015210362'),
('冉博文', '2015210363', '男', 0, '01141509', '2015210363'),
('范泽研', '2015210364', '女', 0, '01141509', '2015210364'),
('孙佳欣', '2015210366', '女', 0, '01141509', '2015210366'),
('高萌', '2015210367', '女', 0, '01141509', '2015210367'),
('刘杉', '2015210368', '女', 0, '01141509', '2015210368'),
('张罗', '2015210369', '女', 0, '01141509', '2015210369'),
('张曼婷', '2015210370', '女', 0, '01141509', '2015210370'),
('吴悦', '2015210371', '女', 0, '01141509', '2015210371'),
('陈逸云', '2015210372', '女', 0, '01141509', '2015210372'),
('胡渝', '2015210373', '女', 0, '01141509', '2015210373'),
('张欣悦', '2015210374', '女', 0, '01141509', '2015210374'),
('陈馨', '2015210375', '女', 0, '01141509', '2015210375'),
('许童', '2015210376', '男', 0, '01141510', '2015210376'),
('刘刚', '2015210377', '男', 0, '01141510', '2015210377'),
('周家彬', '2015210379', '男', 0, '01141510', '2015210379'),
('李耀华', '2015210380', '男', 0, '01141510', '2015210380'),
('秦一鸣', '2015210382', '男', 0, '01141510', '2015210382'),
('谭庭松', '2015210383', '男', 0, '01141510', '2015210383'),
('李壮', '2015210384', '男', 0, '01141510', '2015210384'),
('华汀', '2015210385', '男', 0, '01141510', '2015210385'),
('秦川', '2015210386', '男', 0, '01141510', '2015210386'),
('王益文', '2015210387', '男', 0, '01141510', '2015210387'),
('江金城', '2015210388', '男', 0, '01141510', '2015210388'),
('文凌云', '2015210389', '男', 0, '01141510', '2015210389'),
('李科', '2015210390', '男', 0, '01141510', '2015210390'),
('朱子越', '2015210391', '男', 0, '01141510', '2015210391'),
('王可', '2015210392', '男', 0, '01141510', '2015210392'),
('张顺', '2015210393', '男', 0, '01141510', '2015210393'),
('闵欢', '2015210394', '男', 0, '01141510', '2015210394'),
('万官飞', '2015210395', '男', 0, '01141510', '2015210395'),
('陈锐', '2015210396', '男', 0, '01141510', '2015210396'),
('陈浩', '2015210397', '男', 0, '01141510', '2015210397'),
('周成茂', '2015210398', '男', 0, '01141510', '2015210398'),
('郑沛越', '2015210399', '男', 0, '01141510', '2015210399'),
('冯越', '2015210400', '男', 0, '01141510', '2015210400'),
('路航', '2015210401', '男', 0, '01141510', '2015210401'),
('罗航', '2015210402', '男', 0, '01141510', '2015210402'),
('高荣杰', '2015210403', '男', 0, '01141510', '2015210403'),
('李鑫', '2015210404', '男', 0, '01141510', '2015210404'),
('吴倩岚', '2015210408', '女', 0, '01141510', '2015210408'),
('曾琪思', '2015210409', '女', 0, '01141510', '2015210409'),
('刘香渝', '2015210411', '女', 0, '01141510', '2015210411'),
('段美娟', '2015210412', '女', 0, '01141510', '2015210412'),
('谭芮', '2015210413', '女', 0, '01141510', '2015210413'),
('向静怡', '2015210415', '女', 0, '01141510', '2015210415'),
('黄莉雯', '2015210416', '女', 0, '01141510', '2015210416'),
('梅野', '2015210417', '男', 0, '01141511', '2015210417'),
('李增强', '2015210418', '男', 0, '01141511', '2015210418'),
('高梓健', '2015210420', '男', 0, '01141511', '2015210420'),
('李志斌', '2015210421', '男', 0, '01141511', '2015210421'),
('钱志华', '2015210423', '男', 0, '01141511', '2015210423'),
('赵天烽', '2015210424', '男', 0, '01141511', '2015210424'),
('荆磊', '2015210425', '男', 0, '01141511', '2015210425'),
('任彦', '2015210427', '男', 0, '01141511', '2015210427'),
('钟健', '2015210428', '男', 0, '01141511', '2015210428'),
('陈富贵', '2015210429', '男', 0, '01141511', '2015210429'),
('邓红磊', '2015210430', '男', 0, '01141511', '2015210430'),
('段瑞吉', '2015210431', '男', 0, '01141511', '2015210431'),
('王彬宇', '2015210432', '男', 0, '01141511', '2015210432'),
('陈德阳', '2015210433', '男', 0, '01141511', '2015210433'),
('罗伟', '2015210434', '男', 0, '01141511', '2015210434'),
('邹洋', '2015210435', '男', 0, '01141511', '2015210435'),
('王育杰', '2015210436', '男', 0, '01141511', '2015210436'),
('郑富元', '2015210437', '男', 0, '01141511', '2015210437'),
('何健', '2015210438', '男', 0, '01141511', '2015210438'),
('查安均', '2015210439', '男', 0, '01141511', '2015210439'),
('戴鑫家', '2015210440', '男', 0, '01141511', '2015210440'),
('张杭', '2015210441', '男', 0, '01141511', '2015210441'),
('蒋凯旋', '2015210443', '男', 0, '01141511', '2015210443'),
('杨桢', '2015210444', '男', 0, '01141511', '2015210444'),
('张开翔', '2015210445', '男', 0, '01141511', '2015210445'),
('罗慧', '2015210446', '女', 0, '01141511', '2015210446'),
('苗卓', '2015210448', '女', 0, '01141511', '2015210448'),
('洪玮璇', '2015210449', '女', 0, '01141511', '2015210449'),
('刘星彤', '2015210450', '女', 0, '01141511', '2015210450'),
('李佶虹', '2015210452', '女', 0, '01141511', '2015210452'),
('唐欣', '2015210453', '女', 0, '01141511', '2015210453'),
('彭青霞', '2015210454', '女', 0, '01141511', '2015210454'),
('王帆', '2015210455', '女', 0, '01141511', '2015210455'),
('陈彦如', '2015210456', '女', 0, '01141511', '2015210456'),
('曾娅', '2015210457', '女', 0, '01141511', '2015210457'),
('何泽生', '2015210459', '男', 0, '01141512', '2015210459'),
('覃勇清', '2015210460', '男', 0, '01141512', '2015210460'),
('林明发', '2015210461', '男', 0, '01141512', '2015210461'),
('林瀚雷', '2015210462', '男', 0, '01141512', '2015210462'),
('姚顺雨', '2015210464', '男', 0, '01141512', '2015210464'),
('李亦亭', '2015210465', '男', 0, '01141512', '2015210465'),
('吴壮', '2015210466', '男', 0, '01141512', '2015210466'),
('胡帅', '2015210468', '男', 0, '01141512', '2015210468'),
('张昶', '2015210469', '男', 0, '01141512', '2015210469'),
('陈治钢', '2015210470', '男', 0, '01141512', '2015210470'),
('王萧阳', '2015210472', '男', 0, '01141512', '2015210472'),
('蔡霖', '2015210473', '男', 0, '01141512', '2015210473'),
('刘安棋', '2015210474', '男', 0, '01141512', '2015210474'),
('张忠一', '2015210475', '男', 0, '01141512', '2015210475'),
('阳依林', '2015210476', '男', 0, '01141512', '2015210476'),
('牟勇', '2015210477', '男', 0, '01141512', '2015210477'),
('汪恒超', '2015210478', '男', 0, '01141512', '2015210478'),
('王传豪', '2015210479', '男', 0, '01141512', '2015210479'),
('梁柱', '2015210480', '男', 0, '01141512', '2015210480'),
('陈凌霄', '2015210481', '男', 0, '01141512', '2015210481'),
('郭津佐', '2015210482', '男', 0, '01141512', '2015210482'),
('骆欢', '2015210483', '男', 0, '01141512', '2015210483'),
('杨欣洲', '2015210484', '男', 0, '01141512', '2015210484'),
('任威', '2015210485', '男', 0, '01141512', '2015210485'),
('李浩', '2015210486', '男', 0, '01141512', '2015210486'),
('赵晨曦', '2015210489', '女', 0, '01141512', '2015210489'),
('李瑶', '2015210491', '女', 0, '01141512', '2015210491'),
('熊欣', '2015210493', '女', 0, '01141512', '2015210493'),
('王馨怡', '2015210494', '女', 0, '01141512', '2015210494'),
('林秋婷', '2015210495', '女', 0, '01141512', '2015210495'),
('何彬', '2015210496', '女', 0, '01141512', '2015210496'),
('熊思晖', '2015210497', '女', 0, '01141512', '2015210497'),
('胡京菁', '2015210498', '女', 0, '01141512', '2015210498');

-- --------------------------------------------------------

--
-- 表的结构 `tclass`
--

CREATE TABLE IF NOT EXISTS `tclass` (
  `Tclass_no` varchar(10) CHARACTER SET utf8 NOT NULL COMMENT '教学班号',
  `Tclass_class_no` varchar(100) CHARACTER SET utf8 COLLATE utf8_bin NOT NULL COMMENT '班级编号',
  `Tclass_specialty` varchar(50) CHARACTER SET utf8 COLLATE utf8_bin NOT NULL COMMENT '教学班专业',
  `tclass_assess_no` varchar(10) CHARACTER SET utf8 NOT NULL COMMENT '考核项编号',
  `tclass_course_no` varchar(10) CHARACTER SET utf8 NOT NULL COMMENT '课程编号',
  `tclass_teacher_ID` varchar(10) CHARACTER SET utf8 NOT NULL COMMENT '老师职工号',
  PRIMARY KEY (`Tclass_no`)
) ENGINE=InnoDB DEFAULT CHARSET=latin1;

--
-- 转存表中的数据 `tclass`
--

INSERT INTO `tclass` (`Tclass_no`, `Tclass_class_no`, `Tclass_specialty`, `tclass_assess_no`, `tclass_course_no`, `tclass_teacher_ID`) VALUES
('A011518756', '班级：01914 | 01,02', '通信工程专业卓越工程师班', '7', '010388', '019942'),
('SJ1511017', '班级：01014 | 10', '通信与信息类', '74', '010393', '019942'),
('SJ1511024', '班级：01913 | 03', '通信学院IT精英班', '75', '010394', '019942'),
('SJ1511090', '班级：01914 | 01', '通信工程专业卓越工程师班', '76', '010395', '019942'),
('SJ1511091', '班级：01914 | 02', '通信工程专业卓越工程师班', '77', '010395', '019942'),
('SJ1511092', '班级：01913 | 01,02', '通信工程专业卓越工程师班', '78', '010398', '019942'),
('SJ151990', '班级：01413 | 01', '信息工程', '79', '010610', '019942'),
('SK01151714', '班级：01913 | 01,02', '通信工程专业卓越工程师班', '80', '010243', '019942');

-- --------------------------------------------------------

--
-- 表的结构 `teacher`
--

CREATE TABLE IF NOT EXISTS `teacher` (
  `teacher_ID` varchar(10) NOT NULL COMMENT '职工号',
  `teacher_name` varchar(10) CHARACTER SET gb2312 COLLATE gb2312_bin NOT NULL COMMENT '老师姓名',
  `teacher_sex` varchar(2) CHARACTER SET gb2312 COLLATE gb2312_bin NOT NULL COMMENT '性别',
  `teacher_school` varchar(255) DEFAULT NULL,
  `teacher_depart` char(50) NOT NULL COMMENT '系别',
  `teacher_position` varchar(10) CHARACTER SET gb2312 COLLATE gb2312_bin NOT NULL COMMENT '职务',
  `teacher_password` varchar(16) NOT NULL COMMENT '密码',
  PRIMARY KEY (`teacher_ID`)
) ENGINE=InnoDB DEFAULT CHARSET=latin1;

--
-- 转存表中的数据 `teacher`
--

INSERT INTO `teacher` (`teacher_ID`, `teacher_name`, `teacher_sex`, `teacher_school`, `teacher_depart`, `teacher_position`, `teacher_password`) VALUES
('010001', '通信外聘', '男', '8', '18', '', '010001'),
('010002', '殷茜', '女', '8', '15', '副教授', '010002'),
('010112', '郑丹玲', '女', '8', '11', '讲师', '010112'),
('010113', '雷芳(通)', '女', '8', '14', '副教授', '010113'),
('010114', '杨晓非', '男', '8', '11', '副教授', '010114'),
('010125', '蔚承英', '女', '8', '11', '讲师', '010125'),
('010132', '唐伦', '男', '8', '12', '副教授', '010132'),
('010134', '刘占军', '男', '8', '10', '副教授', '010134'),
('010138', '郭晓金', '男', '8', '10', '副教授', '010138'),
('010150', '周翊', '男', '8', '11', '教授', '010150'),
('010201', '张德民', '男', '8', '18', '教授', '010201'),
('010202', '龚璞', '男', '8', '12', '讲师', '010202'),
('010204', '何永洪', '男', '8', '12', '副教授', '010204'),
('010205', '申滨', '男', '8', '11', '教授', '010205'),
('010206', '代少升', '男', '8', '14', '教授', '010206'),
('010207', '蒋青', '女', '8', '12', '教授', '010207'),
('010208', '陈善学', '男', '8', '12', '教授', '010208'),
('010209', '夏绪玖', '男', '8', '14', '讲师', '010209'),
('010210', '刘焕淋', '女', '8', '11', '教授', '010210'),
('010211', '朱联祥', '男', '8', '12', '教授', '010211'),
('010213', '张祖凡', '男', '8', '11', '教授', '010213'),
('010214', '宋伟峰', '男', '8', '12', '', '010214'),
('010215', '于秀兰', '女', '8', '12', '副教授', '010215'),
('010217', '陈前斌', '男', '8', '12', '教授', '010217'),
('010219', '李强', '男', '8', '11', '副教授', '010219'),
('010220', '鲍宁海', '男', '8', '10', '副教授', '010220'),
('010221', '严常青', '女', '8', '10', '副教授', '010221'),
('010224', '曹建玲', '女', '8', '11', '讲师', '010224'),
('010225', '庄陵', '男', '8', '11', '副教授', '010225'),
('010226', '杨茂斌', '男', '8', '11', '讲师', '010226'),
('010230', '杨丰瑞', '男', '8', '18', '教授', '010230'),
('010231', '郑建宏', '男', '8', '18', '教授', '010231'),
('010232', '申敏', '女', '8', '18', '教授', '010232'),
('010234', '张刚', '男', '8', '11', '副教授', '010234'),
('010237', '王永(通)', '男', '8', '12', '讲师', '010237'),
('010238', '张天骐', '男', '8', '10', '教授', '010238'),
('010239', '范馨月', '女', '8', '12', '讲师', '010239'),
('010240', '龙恳', '男', '8', '12', '讲师', '010240'),
('010241', '景小荣', '男', '8', '12', '副教授', '010241'),
('010242', '高陈强', '男', '8', '10', '副教授', '010242'),
('010243', '陈发堂', '男', '8', '11', '研究员', '010243'),
('010244', '邓炳光', '男', '8', '14', '讲师', '010244'),
('010246', '李国权', '男', '8', '11', '', '010246'),
('010247', '陈莉', '女', '8', '14', '', '010247'),
('010248', '王诗言', '女', '8', '12', '', '010248'),
('010250', '易琛', '男', '8', '11', '', '010250'),
('010303', '郑毅', '男', '8', '12', '副教授', '010303'),
('010304', '胡庆', '女', '8', '10', '教授', '010304'),
('010305', '张毅(通)', '男', '8', '14', '教授', '010305'),
('010307', '唐宏', '男', '8', '12', '教授', '010307'),
('010310', '杨晓波', '男', '8', '14', '讲师', '010310'),
('010311', '韦世红', '女', '8', '10', '副教授', '010311'),
('010312', '李云', '男', '8', '18', '教授', '010312'),
('010314', '李兆玉', '女', '8', '12', '副教授', '010314'),
('010319', '田增山', '男', '8', '12', '教授', '010319'),
('010321', '杨路', '女', '8', '14', '高级工程师', '010321'),
('010324', '任智', '男', '8', '10', '教授', '010324'),
('010333', '谭钦红', '男', '8', '14', '副教授', '010333'),
('010334', '何维', '男', '8', '14', '讲师', '010334'),
('010335', '吴大鹏', '男', '8', '10', '副教授', '010335'),
('010336', '朱江', '男', '8', '12', '副教授', '010336'),
('010337', '舒娜', '女', '8', '12', '讲师', '010337'),
('010338', '余翔2', '男', '8', '18', '正高级工程', '010338'),
('010339', '刘媛妮', '女', '8', '10', '讲师', '010339'),
('010340', '王毅', '男', '8', '12', '副教授', '010340'),
('010341', '赵辉', '女', '8', '11', '副教授', '010341'),
('010350', '黄俊(信息)', '男', '8', '10', '讲师', '010350'),
('010351', '罗文丰', '男', '8', '14', '助理研究员', '010351'),
('010352', '李小文', '男', '8', '10', '研究员', '010352'),
('010354', '刘宏清', '男', '8', '11', '教授', '010354'),
('010355', '史朝翔', '男', '8', '10', '教授', '010355'),
('010401', '陶洋', '男', '8', '10', '教授', '010401'),
('010402', '胡敏', '女', '8', '10', '副教授', '010402'),
('010403', '赵国锋', '男', '8', '11', '教授', '010403'),
('010405', '武俊', '女', '8', '14', '讲师', '010405'),
('010406', '刘科征', '男', '8', '14', '讲师', '010406'),
('010407', '梁燕', '女', '8', '14', '副教授', '010407'),
('010408', '鲜永菊', '女', '8', '10', '副教授', '010408'),
('010409', '谭歆', '男', '8', '10', '讲师', '010409'),
('010410', '姚玉坤', '女', '8', '10', '副教授', '010410'),
('010411', '黄宏程', '男', '8', '10', '讲师', '010411'),
('010412', '向劲松', '男', '8', '10', '副教授', '010412'),
('010413', '柴蓉', '女', '8', '12', '副教授', '010413'),
('010415', '张家波', '男', '8', '14', '讲师', '010415'),
('010417', '黄明华', '男', '8', '14', '', '010417'),
('010418', '李永刚', '男', '8', '12', '副教授', '010418'),
('010436', '张海波', '男', '8', '12', '', '010436'),
('010510', '黄晓舸', '女', '8', '12', '', '010510'),
('010512', '周牧', '男', '8', '12', '', '010512'),
('010513', '黎勇', '男', '8', '12', '', '010513'),
('010515', '曹傧', '男', '8', '12', '', '010515'),
('010710', '熊炫睿', '男', '8', '10', '', '010710'),
('011107', '裴二荣', '男', '8', '10', '讲师', '011107'),
('011112', '邵凯', '男', '8', '11', '副教授', '011112'),
('011118', '张学玲', '女', '8', '14', '', '011118'),
('011126', '刘乔寿', '男', '8', '14', '讲师', '011126'),
('011304', '吴坤君', '男', '8', '15', '高级工程师', '011304'),
('011305', '明艳', '女', '8', '14', '高级工程师', '011305'),
('011306', '雷宏江', '男', '8', '12', '讲师', '011306'),
('011308', '李玲霞', '女', '8', '14', '高级工程师', '011308'),
('011309', '刘鸿', '女', '8', '14', '讲师', '011309'),
('011312', '刘丁', '男', '8', '11', '助教', '011312'),
('011321', '张盛峰', '男', '8', '11', '讲师', '011321'),
('011406', '徐川', '男', '8', '10', '副教授', '011406'),
('011407', '李季碧', '女', '8', '14', '讲师', '011407'),
('011505', '黄胜', '男', '8', '11', '副教授', '011505'),
('011506', '周非', '男', '8', '10', '副教授', '011506'),
('011704', '雒江涛', '男', '8', '16', '教授', '011704'),
('011705', '邱绍峰', '男', '8', '12', '副教授', '011705'),
('011706', '黄俊', '男', '8', '14', '教授', '011706'),
('019901', '王丹', '女', '8', '10', '工程师', '019901'),
('019903', '陈英', '女', '8', '15', '', '019903'),
('019904', '郑翰英', '女', '8', '15', '工程师', '019904'),
('019905', '尧宗英', '女', '8', '15', '高级工程师', '019905'),
('019906', '陈培然', '男', '8', '15', '讲师', '019906'),
('019907', '黄悦', '女', '8', '13', '副教授', '019907'),
('019908', '张笃信', '男', '8', '15', '讲师', '019908'),
('019916', '蒋莹', '女', '8', '13', '讲师', '019916'),
('019917', '腾欢', '女', '8', '15', '讲师', '019917'),
('019924', '周晓霞', '女', '8', '13', '讲师', '019924'),
('019930', '赵春风', '男', '8', '18', '讲师', '019930'),
('019931', '周春霞', '女', '8', '13', '讲师', '019931'),
('019932', '王娟', '女', '8', '15', '讲师', '019932'),
('019935', '杨奇凡', '男', '8', '15', '讲师', '019935'),
('019936', '陈文星', '男', '8', '13', '讲师', '019936'),
('019937', '陈登新', '男', '8', '15', '高级工程师', '019937'),
('019938', '袁泉', '男', '8', '13', '助教', '019938'),
('019939', '张勤', '女', '8', '13', '讲师', '019939'),
('019940', '阎英', '女', '8', '15', '副教授', '019940'),
('019941', '席珍', '女', '8', '15', '', '019941'),
('019942', '王老师', '男', '8', '10', '高级工程师', '019942'),
('019943', '刘畅', '女', '8', '13', '助教', '019943'),
('019990', '赵卫峰', '男', '8', '16', '工程师', '019990'),
('029903', '李秋俊', '女', '8', '12', '教授', '029903'),
('039910', '张挺', '男', '8', '15', '讲师', '039910'),
('040207', '王英', '女', '8', '15', '副教授', '040207'),
('051105', '陈昌川', '男', '8', '15', '讲师', '051105'),
('310101', '戴翠琴', '女', '8', '12', '副教授', '310101'),
('310103', '蔡丽', '女', '8', '15', '助理研究员', '310103'),
('310123', '徐文云', '男', '8', '14', '副教授', '310123'),
('310129', '刘小莉', '女', '8', '14', '讲师', '310129'),
('310143', '廖述平', '男', '8', '13', '讲师', '310143'),
('310145', '杨英', '女', '8', '13', '讲师', '310145'),
('310146', '雷维嘉', '男', '8', '12', '教授', '310146'),
('310152', '王俊', '男', '8', '14', '高级工程师', '310152'),
('310156', '包杰', '男', '8', '11', '教授', '310156'),
('310157', '余翔', '男', '8', '10', '副教授', '310157'),
('310159', '刘楚川', '男', '8', '14', '助教', '310159'),
('310163', '漆晶', '男', '8', '14', '讲师', '310163'),
('310168', '刘裔', '女', '8', '13', '助教', '310168'),
('340802', '唐红', '女', '8', '10', '教授', '340802');

-- --------------------------------------------------------

--
-- 表的结构 `tea_class`
--

CREATE TABLE IF NOT EXISTS `tea_class` (
  `id` int(11) NOT NULL AUTO_INCREMENT,
  `class` varchar(255) COLLATE utf8_bin DEFAULT NULL,
  `type` varchar(255) COLLATE utf8_bin DEFAULT NULL,
  `classnumber` varchar(255) COLLATE utf8_bin DEFAULT NULL,
  `major` varchar(255) COLLATE utf8_bin DEFAULT NULL,
  `tea_number` int(11) DEFAULT NULL,
  `jiaoxueban` varchar(255) COLLATE utf8_bin DEFAULT NULL,
  PRIMARY KEY (`id`)
) ENGINE=InnoDB  DEFAULT CHARSET=utf8 COLLATE=utf8_bin AUTO_INCREMENT=461 ;

--
-- 转存表中的数据 `tea_class`
--

INSERT INTO `tea_class` (`id`, `class`, `type`, `classnumber`, `major`, `tea_number`, `jiaoxueban`) VALUES
(410, '010388通信软件基础', '限选', '班级：01914 | 01,02', '通信工程专业卓越工程师班', 19942, 'A011518756759'),
(411, '010393通信软件基础实训(1)', '实验实践', '班级：01014 | 10', '通信与信息类', 19942, 'SJ1511017'),
(412, '010393通信软件基础实训(1)', '实验实践', '班级：01014 | 10', '通信与信息类', 19942, 'SJ1511017'),
(413, '010393通信软件基础实训(1)', '实验实践', '班级：01014 | 10', '通信与信息类', 19942, 'SJ1511017'),
(414, '010393通信软件基础实训(1)', '实验实践', '班级：01014 | 10', '通信与信息类', 19942, 'SJ1511017'),
(415, '010243可编程逻辑器件设计', '实验实践', '班级：01913 | 01,02', '通信工程专业卓越工程师班', 19942, 'SK011517146609'),
(416, '010393通信软件基础实训(1)', '实验实践', '班级：01014 | 10', '通信与信息类', 19942, 'SJ1511017'),
(417, '010393通信软件基础实训(1)', '实验实践', '班级：01014 | 10', '通信与信息类', 19942, 'SJ1511017'),
(418, '010393通信软件基础实训(1)', '实验实践', '班级：01014 | 10', '通信与信息类', 19942, 'SJ1511017'),
(419, '010393通信软件基础实训(1)', '实验实践', '班级：01014 | 10', '通信与信息类', 19942, 'SJ1511017'),
(420, '010394通信软件基础实训(2)', '实验实践', '班级：01913 | 03', '通信学院IT精英班', 19942, 'SJ1511024'),
(421, '010394通信软件基础实训(2)', '实验实践', '班级：01913 | 03', '通信学院IT精英班', 19942, 'SJ1511024'),
(422, '010394通信软件基础实训(2)', '实验实践', '班级：01913 | 03', '通信学院IT精英班', 19942, 'SJ1511024'),
(423, '010394通信软件基础实训(2)', '实验实践', '班级：01913 | 03', '通信学院IT精英班', 19942, 'SJ1511024'),
(424, '010394通信软件基础实训(2)', '实验实践', '班级：01913 | 03', '通信学院IT精英班', 19942, 'SJ1511024'),
(425, '010394通信软件基础实训(2)', '实验实践', '班级：01913 | 03', '通信学院IT精英班', 19942, 'SJ1511024'),
(426, '010394通信软件基础实训(2)', '实验实践', '班级：01913 | 03', '通信学院IT精英班', 19942, 'SJ1511024'),
(427, '010394通信软件基础实训(2)', '实验实践', '班级：01913 | 03', '通信学院IT精英班', 19942, 'SJ1511024'),
(428, '010398IT类软件工程基础实训(3)', '实验实践', '班级：01913 | 01,02', '通信工程专业卓越工程师班', 19942, 'SJ1511092'),
(429, '010610通信软件开发应用实训1', '实验实践', '班级：01413 | 01', '信息工程', 19942, 'SJ151990'),
(430, '010398IT类软件工程基础实训(3)', '实验实践', '班级：01913 | 01,02', '通信工程专业卓越工程师班', 19942, 'SJ1511092'),
(431, '010398IT类软件工程基础实训(3)', '实验实践', '班级：01913 | 01,02', '通信工程专业卓越工程师班', 19942, 'SJ1511092'),
(432, '010398IT类软件工程基础实训(3)', '实验实践', '班级：01913 | 01,02', '通信工程专业卓越工程师班', 19942, 'SJ1511092'),
(433, '010398IT类软件工程基础实训(3)', '实验实践', '班级：01913 | 01,02', '通信工程专业卓越工程师班', 19942, 'SJ1511092'),
(434, '010398IT类软件工程基础实训(3)', '实验实践', '班级：01913 | 01,02', '通信工程专业卓越工程师班', 19942, 'SJ1511092'),
(435, '010398IT类软件工程基础实训(3)', '实验实践', '班级：01913 | 01,02', '通信工程专业卓越工程师班', 19942, 'SJ1511092'),
(436, '010398IT类软件工程基础实训(3)', '实验实践', '班级：01913 | 01,02', '通信工程专业卓越工程师班', 19942, 'SJ1511092'),
(437, '010388通信软件基础', '限选', '班级：01914 | 01,02', '通信工程专业卓越工程师班', 19942, 'A011518756759'),
(438, '010610通信软件开发应用实训1', '实验实践', '班级：01413 | 01', '信息工程', 19942, 'SJ151990'),
(439, '010395IT类软件工程基础实训(1)', '实验实践', '班级：01914 | 01', '通信工程专业卓越工程师班', 19942, 'SJ1511090'),
(440, '010395IT类软件工程基础实训(1)', '实验实践', '班级：01914 | 01', '通信工程专业卓越工程师班', 19942, 'SJ1511090'),
(441, '010395IT类软件工程基础实训(1)', '实验实践', '班级：01914 | 02', '通信工程专业卓越工程师班', 19942, 'SJ1511091'),
(442, '010395IT类软件工程基础实训(1)', '实验实践', '班级：01914 | 01', '通信工程专业卓越工程师班', 19942, 'SJ1511090'),
(443, '010395IT类软件工程基础实训(1)', '实验实践', '班级：01914 | 01', '通信工程专业卓越工程师班', 19942, 'SJ1511090'),
(444, '010395IT类软件工程基础实训(1)', '实验实践', '班级：01914 | 02', '通信工程专业卓越工程师班', 19942, 'SJ1511091'),
(445, '010395IT类软件工程基础实训(1)', '实验实践', '班级：01914 | 02', '通信工程专业卓越工程师班', 19942, 'SJ1511091'),
(446, '010395IT类软件工程基础实训(1)', '实验实践', '班级：01914 | 02', '通信工程专业卓越工程师班', 19942, 'SJ1511091'),
(447, '010610通信软件开发应用实训1', '实验实践', '班级：01413 | 01', '信息工程', 19942, 'SJ151990'),
(448, '010610通信软件开发应用实训1', '实验实践', '班级：01413 | 01', '信息工程', 19942, 'SJ151990'),
(449, '010610通信软件开发应用实训1', '实验实践', '班级：01413 | 01', '信息工程', 19942, 'SJ151990'),
(450, '010395IT类软件工程基础实训(1)', '实验实践', '班级：01914 | 01', '通信工程专业卓越工程师班', 19942, 'SJ1511090'),
(451, '010395IT类软件工程基础实训(1)', '实验实践', '班级：01914 | 01', '通信工程专业卓越工程师班', 19942, 'SJ1511090'),
(452, '010395IT类软件工程基础实训(1)', '实验实践', '班级：01914 | 02', '通信工程专业卓越工程师班', 19942, 'SJ1511091'),
(453, '010395IT类软件工程基础实训(1)', '实验实践', '班级：01914 | 01', '通信工程专业卓越工程师班', 19942, 'SJ1511090'),
(454, '010395IT类软件工程基础实训(1)', '实验实践', '班级：01914 | 01', '通信工程专业卓越工程师班', 19942, 'SJ1511090'),
(455, '010395IT类软件工程基础实训(1)', '实验实践', '班级：01914 | 02', '通信工程专业卓越工程师班', 19942, 'SJ1511091'),
(456, '010395IT类软件工程基础实训(1)', '实验实践', '班级：01914 | 02', '通信工程专业卓越工程师班', 19942, 'SJ1511091'),
(457, '010395IT类软件工程基础实训(1)', '实验实践', '班级：01914 | 02', '通信工程专业卓越工程师班', 19942, 'SJ1511091'),
(458, '010610通信软件开发应用实训1', '实验实践', '班级：01413 | 01', '信息工程', 19942, 'SJ151990'),
(459, '010610通信软件开发应用实训1', '实验实践', '班级：01413 | 01', '信息工程', 19942, 'SJ151990'),
(460, '010610通信软件开发应用实训1', '实验实践', '班级：01413 | 01', '信息工程', 19942, 'SJ151990');

-- --------------------------------------------------------

--
-- 表的结构 `topic`
--

CREATE TABLE IF NOT EXISTS `topic` (
  `topic_content` varchar(30) CHARACTER SET utf8 DEFAULT NULL COMMENT '题目内容',
  `topic_deadline` char(20) CHARACTER SET utf8 DEFAULT NULL COMMENT '截止时间',
  `topic_no` int(10) NOT NULL AUTO_INCREMENT COMMENT '题目编号',
  `topic_releasetime` char(20) CHARACTER SET utf8 DEFAULT NULL COMMENT '发布时间',
  `topic_fullmark` int(3) DEFAULT NULL COMMENT '满分',
  `topic_proportion` int(3) DEFAULT NULL COMMENT '性质',
  `topic_submission_method` varchar(20) CHARACTER SET utf8 DEFAULT NULL COMMENT '提交方式',
  `topic_times` varchar(12) CHARACTER SET utf8 NOT NULL COMMENT '第几次作业',
  `topic_tclass_no` varchar(12) CHARACTER SET utf8 NOT NULL COMMENT '教学班号',
  `topic_conservation` tinyint(1) DEFAULT NULL,
  `topic_type` varchar(10) CHARACTER SET utf8 NOT NULL,
  PRIMARY KEY (`topic_no`,`topic_times`,`topic_type`,`topic_tclass_no`)
) ENGINE=InnoDB  DEFAULT CHARSET=latin1 AUTO_INCREMENT=1130 ;

--
-- 转存表中的数据 `topic`
--

INSERT INTO `topic` (`topic_content`, `topic_deadline`, `topic_no`, `topic_releasetime`, `topic_fullmark`, `topic_proportion`, `topic_submission_method`, `topic_times`, `topic_tclass_no`, `topic_conservation`, `topic_type`) VALUES
('作业1', '2016', 1127, '2015', 100, 50, '网上', '第二次', 'A011518756', 0, '作业'),
('作业111111', '2013', 1128, '2011', 100, 50, '纸质', '第一次', 'A011518756', 0, '作业'),
(NULL, NULL, 1129, NULL, 100, NULL, NULL, '第一次', 'A011518756', NULL, '期末考试');

-- --------------------------------------------------------

--
-- 替换视图以便查看 `v_assess`
--
CREATE TABLE IF NOT EXISTS `v_assess` (
`Tclass_no` varchar(10)
,`Tclass_class_no` varchar(100)
,`Tclass_specialty` varchar(50)
,`tclass_assess_no` varchar(10)
,`DD_Cexplain_name` char(100)
,`Cexplain_time` int(11)
,`Cexplain_explain` varchar(255)
,`Cexplain_proportion` int(11)
,`assess_explain` varchar(50)
,`DD_no` int(11)
,`Cexplain_no` int(11)
,`Sconstitue_properties` varchar(4)
,`assess_Course_no` varchar(10)
);
-- --------------------------------------------------------

--
-- 替换视图以便查看 `v_cgroup`
--
CREATE TABLE IF NOT EXISTS `v_cgroup` (
`Cgroup_no` int(11)
,`Cgroup_name` varchar(10)
,`teacher_ID` varchar(10)
,`teacher_name` varchar(10)
,`Cgroup_explain` varchar(30)
);
-- --------------------------------------------------------

--
-- 替换视图以便查看 `v_execute`
--
CREATE TABLE IF NOT EXISTS `v_execute` (
`Tclass_no` varchar(10)
,`Cexplain_proportion` int(11)
,`Cexplain_time` int(11)
,`DD_Cexplain_name` char(100)
,`Sconstitue_properties` varchar(4)
,`Cexplain_no` int(11)
);
-- --------------------------------------------------------

--
-- 替换视图以便查看 `v_finalgrades`
--
CREATE TABLE IF NOT EXISTS `v_finalgrades` (
`student_name` varchar(4)
,`student_ID` varchar(10)
,`Tclass_no` char(100)
,`finalGrades` float(20,2)
,`Tclass_class_no` varchar(100)
,`Tclass_specialty` varchar(50)
,`assess_explain` varchar(50)
);
-- --------------------------------------------------------

--
-- 替换视图以便查看 `v_homework`
--
CREATE TABLE IF NOT EXISTS `v_homework` (
`topic_deadline` char(20)
,`topic_releasetime` char(20)
,`topic_fullmark` int(3)
,`topic_proportion` int(3)
,`topic_submission_method` varchar(20)
,`Tclass_no` varchar(10)
,`Cname` varchar(50)
,`topic_times` varchar(12)
,`topic_no` int(10)
,`topic_content` varchar(30)
);
-- --------------------------------------------------------

--
-- 替换视图以便查看 `v_homework1`
--
CREATE TABLE IF NOT EXISTS `v_homework1` (
`topic_content` varchar(30)
,`topic_deadline` char(20)
,`topic_releasetime` char(20)
,`topic_submission_method` varchar(20)
,`topic_proportion` int(3)
,`topic_times` varchar(12)
,`topic_fullmark` int(3)
,`Cname` varchar(50)
,`topic_no` int(10)
,`Tclass_no` varchar(10)
,`topic_type` varchar(10)
);
-- --------------------------------------------------------

--
-- 替换视图以便查看 `v_result`
--
CREATE TABLE IF NOT EXISTS `v_result` (
`judge_grades` double(3,0)
,`student_name` varchar(4)
,`Cname` varchar(50)
,`topic_no` int(10)
,`student_ID` varchar(10)
,`ref_T_S_Tclass_no` varchar(10)
,`judge_submit` tinyint(1)
,`topic_type` varchar(10)
,`topic_times` varchar(12)
);
-- --------------------------------------------------------

--
-- 替换视图以便查看 `v_stugrades`
--
CREATE TABLE IF NOT EXISTS `v_stugrades` (
`judge_ID` varchar(20)
,`judge_grades` double(3,0)
,`student_name` varchar(4)
,`Tclass_no` varchar(10)
,`Cname` varchar(50)
,`topic_no` int(10)
);
-- --------------------------------------------------------

--
-- 替换视图以便查看 `v_tclass`
--
CREATE TABLE IF NOT EXISTS `v_tclass` (
`Tclass_no` varchar(10)
,`ref_T_S_student_ID` varchar(10)
,`student_name` varchar(4)
,`Cname` varchar(50)
);
-- --------------------------------------------------------

--
-- 替换视图以便查看 `v_tclass_student`
--
CREATE TABLE IF NOT EXISTS `v_tclass_student` (
`ref_T_S_student_ID` varchar(10)
,`student_name` varchar(4)
,`Cname` varchar(50)
,`Tclass_no` varchar(10)
,`teacher_name` varchar(10)
,`Tclass_class_no` varchar(100)
,`tclass_assess_no` varchar(10)
);
-- --------------------------------------------------------

--
-- 替换视图以便查看 `v_tclass_teacher`
--
CREATE TABLE IF NOT EXISTS `v_tclass_teacher` (
`Tclass_no` varchar(10)
,`tclass_assess_no` varchar(10)
,`teacher_ID` varchar(10)
,`teacher_name` varchar(10)
,`Cname` varchar(50)
,`Tclass_specialty` varchar(50)
,`Tclass_class_no` varchar(100)
,`Cgroup_name` varchar(10)
,`teacher_sex` varchar(2)
,`teacher_position` varchar(10)
,`DD_Cexplain_name` char(100)
,`tclass_course_no` varchar(10)
);
-- --------------------------------------------------------

--
-- 视图结构 `v_assess`
--
DROP TABLE IF EXISTS `v_assess`;

CREATE ALGORITHM=UNDEFINED DEFINER=`root`@`localhost` SQL SECURITY DEFINER VIEW `v_assess` AS select `tclass`.`Tclass_no` AS `Tclass_no`,`tclass`.`Tclass_class_no` AS `Tclass_class_no`,`tclass`.`Tclass_specialty` AS `Tclass_specialty`,`tclass`.`tclass_assess_no` AS `tclass_assess_no`,`dd`.`DD_Cexplain_name` AS `DD_Cexplain_name`,`cexplain`.`Cexplain_time` AS `Cexplain_time`,`cexplain`.`Cexplain_explain` AS `Cexplain_explain`,`cexplain`.`Cexplain_proportion` AS `Cexplain_proportion`,`assess`.`assess_explain` AS `assess_explain`,`dd`.`DD_no` AS `DD_no`,`cexplain`.`Cexplain_no` AS `Cexplain_no`,`sconstitue`.`Sconstitue_properties` AS `Sconstitue_properties`,`assess`.`assess_Course_no` AS `assess_Course_no` from ((((`assess` join `cexplain`) join `tclass`) join `dd`) join `sconstitue`) where ((`tclass`.`tclass_assess_no` = `assess`.`assess_no`) and (`assess`.`assess_no` = `cexplain`.`Cexplain_assess_no`) and (`cexplain`.`Cexplain_dd_no` = `dd`.`DD_no`) and (`cexplain`.`Cexplain_no` = `sconstitue`.`sconstitue_cexplain_no`));

-- --------------------------------------------------------

--
-- 视图结构 `v_cgroup`
--
DROP TABLE IF EXISTS `v_cgroup`;

CREATE ALGORITHM=UNDEFINED DEFINER=`root`@`localhost` SQL SECURITY DEFINER VIEW `v_cgroup` AS select `cgroup`.`Cgroup_no` AS `Cgroup_no`,`cgroup`.`Cgroup_name` AS `Cgroup_name`,`teacher`.`teacher_ID` AS `teacher_ID`,`teacher`.`teacher_name` AS `teacher_name`,`cgroup`.`Cgroup_explain` AS `Cgroup_explain` from (`teacher` join `cgroup`) where (`teacher`.`teacher_ID` = `cgroup`.`cgroup_teacher_no`);

-- --------------------------------------------------------

--
-- 视图结构 `v_execute`
--
DROP TABLE IF EXISTS `v_execute`;

CREATE ALGORITHM=UNDEFINED DEFINER=`root`@`localhost` SQL SECURITY DEFINER VIEW `v_execute` AS select `tclass`.`Tclass_no` AS `Tclass_no`,`cexplain`.`Cexplain_proportion` AS `Cexplain_proportion`,`cexplain`.`Cexplain_time` AS `Cexplain_time`,`dd`.`DD_Cexplain_name` AS `DD_Cexplain_name`,`sconstitue`.`Sconstitue_properties` AS `Sconstitue_properties`,`cexplain`.`Cexplain_no` AS `Cexplain_no` from ((((`tclass` join `assess`) join `cexplain`) join `dd`) join `sconstitue`) where ((`tclass`.`tclass_assess_no` = `assess`.`assess_no`) and (`assess`.`assess_no` = `cexplain`.`Cexplain_assess_no`) and (`cexplain`.`Cexplain_dd_no` = `dd`.`DD_no`) and (`cexplain`.`Cexplain_no` = `sconstitue`.`sconstitue_cexplain_no`));

-- --------------------------------------------------------

--
-- 视图结构 `v_finalgrades`
--
DROP TABLE IF EXISTS `v_finalgrades`;

CREATE ALGORITHM=UNDEFINED DEFINER=`root`@`localhost` SQL SECURITY DEFINER VIEW `v_finalgrades` AS select `student`.`student_name` AS `student_name`,`student`.`student_ID` AS `student_ID`,`finalgrades`.`Tclass_no` AS `Tclass_no`,`finalgrades`.`finalGrades` AS `finalGrades`,`tclass`.`Tclass_class_no` AS `Tclass_class_no`,`tclass`.`Tclass_specialty` AS `Tclass_specialty`,`assess`.`assess_explain` AS `assess_explain` from (((`student` join `finalgrades`) join `tclass`) join `assess`) where ((`student`.`student_ID` = `finalgrades`.`student_ID`) and (`finalgrades`.`Tclass_no` = `tclass`.`Tclass_no`) and (`tclass`.`tclass_assess_no` = `assess`.`assess_no`));

-- --------------------------------------------------------

--
-- 视图结构 `v_homework`
--
DROP TABLE IF EXISTS `v_homework`;

CREATE ALGORITHM=UNDEFINED DEFINER=`root`@`localhost` SQL SECURITY DEFINER VIEW `v_homework` AS select `topic`.`topic_deadline` AS `topic_deadline`,`topic`.`topic_releasetime` AS `topic_releasetime`,`topic`.`topic_fullmark` AS `topic_fullmark`,`topic`.`topic_proportion` AS `topic_proportion`,`topic`.`topic_submission_method` AS `topic_submission_method`,`tclass`.`Tclass_no` AS `Tclass_no`,`course`.`Cname` AS `Cname`,`topic`.`topic_times` AS `topic_times`,`topic`.`topic_no` AS `topic_no`,`topic`.`topic_content` AS `topic_content` from ((((((`topic` join `stopic`) join `sconstitue`) join `cexplain`) join `assess`) join `tclass`) join `course`) where ((`topic`.`topic_no` = `stopic`.`stopic_topic_no`) and (`stopic`.`Stopic_sconstitue_no` = `sconstitue`.`Sconstitue_no`) and (`sconstitue`.`sconstitue_cexplain_no` = `cexplain`.`Cexplain_no`) and (`cexplain`.`Cexplain_assess_no` = `assess`.`assess_no`) and (`assess`.`assess_no` = `tclass`.`tclass_assess_no`) and (`tclass`.`tclass_course_no` = convert(`course`.`Cno` using utf8)));

-- --------------------------------------------------------

--
-- 视图结构 `v_homework1`
--
DROP TABLE IF EXISTS `v_homework1`;

CREATE ALGORITHM=UNDEFINED DEFINER=`root`@`localhost` SQL SECURITY DEFINER VIEW `v_homework1` AS select `topic`.`topic_content` AS `topic_content`,`topic`.`topic_deadline` AS `topic_deadline`,`topic`.`topic_releasetime` AS `topic_releasetime`,`topic`.`topic_submission_method` AS `topic_submission_method`,`topic`.`topic_proportion` AS `topic_proportion`,`topic`.`topic_times` AS `topic_times`,`topic`.`topic_fullmark` AS `topic_fullmark`,`course`.`Cname` AS `Cname`,`topic`.`topic_no` AS `topic_no`,`tclass`.`Tclass_no` AS `Tclass_no`,`topic`.`topic_type` AS `topic_type` from ((`topic` join `tclass`) join `course`) where ((`topic`.`topic_tclass_no` = `tclass`.`Tclass_no`) and (`tclass`.`tclass_course_no` = convert(`course`.`Cno` using utf8)));

-- --------------------------------------------------------

--
-- 视图结构 `v_result`
--
DROP TABLE IF EXISTS `v_result`;

CREATE ALGORITHM=UNDEFINED DEFINER=`root`@`localhost` SQL SECURITY DEFINER VIEW `v_result` AS select `judge`.`judge_grades` AS `judge_grades`,`student`.`student_name` AS `student_name`,`course`.`Cname` AS `Cname`,`topic`.`topic_no` AS `topic_no`,`student`.`student_ID` AS `student_ID`,`ref_tclass_student`.`ref_T_S_Tclass_no` AS `ref_T_S_Tclass_no`,`judge`.`judge_submit` AS `judge_submit`,`topic`.`topic_type` AS `topic_type`,`topic`.`topic_times` AS `topic_times` from (((((`judge` join `student`) join `course`) join `topic`) join `ref_tclass_student`) join `tclass`) where ((`judge`.`judge_ID` = convert(`ref_tclass_student`.`ref_T_S_student_ID` using utf8)) and (convert(`ref_tclass_student`.`ref_T_S_student_ID` using utf8) = `student`.`student_ID`) and (`ref_tclass_student`.`ref_T_S_Tclass_no` = `tclass`.`Tclass_no`) and (`tclass`.`tclass_course_no` = convert(`course`.`Cno` using utf8)) and (`judge`.`topic_topic_no` = `topic`.`topic_no`) and (`tclass`.`Tclass_no` = `topic`.`topic_tclass_no`));

-- --------------------------------------------------------

--
-- 视图结构 `v_stugrades`
--
DROP TABLE IF EXISTS `v_stugrades`;

CREATE ALGORITHM=UNDEFINED DEFINER=`root`@`localhost` SQL SECURITY DEFINER VIEW `v_stugrades` AS select `judge`.`judge_ID` AS `judge_ID`,`judge`.`judge_grades` AS `judge_grades`,`student`.`student_name` AS `student_name`,`tclass`.`Tclass_no` AS `Tclass_no`,`course`.`Cname` AS `Cname`,`topic`.`topic_no` AS `topic_no` from (((((`judge` join `student`) join `tclass`) join `course`) join `topic`) join `stopic`) where ((`judge`.`judge_ID` = `student`.`student_ID`) and (convert(`student`.`student_class_no` using utf8) = `tclass`.`Tclass_class_no`) and (`tclass`.`Tclass_class_no` = convert(`course`.`Cno` using utf8)) and (`judge`.`judge_jgroup_no` = convert(`stopic`.`Stopic_jgroup_no` using utf8)) and (`topic`.`topic_no` = convert(`stopic`.`stopic_topic_no` using utf8)));

-- --------------------------------------------------------

--
-- 视图结构 `v_tclass`
--
DROP TABLE IF EXISTS `v_tclass`;

CREATE ALGORITHM=UNDEFINED DEFINER=`root`@`localhost` SQL SECURITY DEFINER VIEW `v_tclass` AS select `tclass`.`Tclass_no` AS `Tclass_no`,`ref_tclass_student`.`ref_T_S_student_ID` AS `ref_T_S_student_ID`,`student`.`student_name` AS `student_name`,`course`.`Cname` AS `Cname` from (((`ref_tclass_student` join `student`) join `tclass`) join `course`) where ((`tclass`.`Tclass_no` = `ref_tclass_student`.`ref_T_S_Tclass_no`) and (convert(`ref_tclass_student`.`ref_T_S_student_ID` using utf8) = `student`.`student_ID`) and (convert(`course`.`Cno` using utf8) = `tclass`.`tclass_course_no`));

-- --------------------------------------------------------

--
-- 视图结构 `v_tclass_student`
--
DROP TABLE IF EXISTS `v_tclass_student`;

CREATE ALGORITHM=UNDEFINED DEFINER=`root`@`localhost` SQL SECURITY DEFINER VIEW `v_tclass_student` AS select `ref_tclass_student`.`ref_T_S_student_ID` AS `ref_T_S_student_ID`,`student`.`student_name` AS `student_name`,`course`.`Cname` AS `Cname`,`tclass`.`Tclass_no` AS `Tclass_no`,`teacher`.`teacher_name` AS `teacher_name`,`tclass`.`Tclass_class_no` AS `Tclass_class_no`,`tclass`.`tclass_assess_no` AS `tclass_assess_no` from ((((`tclass` join `teacher`) join `course`) join `ref_tclass_student`) join `student`) where ((`tclass`.`tclass_teacher_ID` = convert(`teacher`.`teacher_ID` using utf8)) and (`tclass`.`tclass_course_no` = convert(`course`.`Cno` using utf8)) and (convert(`ref_tclass_student`.`ref_T_S_student_ID` using utf8) = `student`.`student_ID`) and (`tclass`.`Tclass_no` = `ref_tclass_student`.`ref_T_S_Tclass_no`));

-- --------------------------------------------------------

--
-- 视图结构 `v_tclass_teacher`
--
DROP TABLE IF EXISTS `v_tclass_teacher`;

CREATE ALGORITHM=UNDEFINED DEFINER=`root`@`localhost` SQL SECURITY DEFINER VIEW `v_tclass_teacher` AS select `tclass`.`Tclass_no` AS `Tclass_no`,`tclass`.`tclass_assess_no` AS `tclass_assess_no`,`teacher`.`teacher_ID` AS `teacher_ID`,`teacher`.`teacher_name` AS `teacher_name`,`course`.`Cname` AS `Cname`,`tclass`.`Tclass_specialty` AS `Tclass_specialty`,`tclass`.`Tclass_class_no` AS `Tclass_class_no`,`cgroup`.`Cgroup_name` AS `Cgroup_name`,`teacher`.`teacher_sex` AS `teacher_sex`,`teacher`.`teacher_position` AS `teacher_position`,`dd`.`DD_Cexplain_name` AS `DD_Cexplain_name`,`tclass`.`tclass_course_no` AS `tclass_course_no` from ((((`tclass` join `teacher`) join `course`) join `cgroup`) join `dd`) where ((`tclass`.`tclass_teacher_ID` = convert(`teacher`.`teacher_ID` using utf8)) and (`tclass`.`tclass_course_no` = convert(`course`.`Cno` using utf8)) and (`course`.`Course_Cgroup_no` = `cgroup`.`Cgroup_no`) and (`teacher`.`teacher_school` = `dd`.`DD_no`));

/*!40101 SET CHARACTER_SET_CLIENT=@OLD_CHARACTER_SET_CLIENT */;
/*!40101 SET CHARACTER_SET_RESULTS=@OLD_CHARACTER_SET_RESULTS */;
/*!40101 SET COLLATION_CONNECTION=@OLD_COLLATION_CONNECTION */;
